sections/0,sections/1,sections/2,sections/3,sections/4,sections/5,sections/6,sections/7,sections/8,sections/9,sections/10,sections/11,sections/12,sections/13,level,sections/14,sections/15,sections/16,sections/17,sections/18,sections/19,sections/20,sections/21,sections/22,sections/23,sections/24,sections/25,sections/26,sections/27,sections/28,sections/29,sections/30,sections/31,sections/32,sections/33,sections/34,sections/35,sections/36,sections/37,sections/38,sections/39,sections/40,sections/41,sections/42,sections/43,sections/44,sections/45,sections/46,sections/47,sections/48,sections/49,sections/50,sections/51,sections/52,sections/53,sections/54,sections/55,sections/56
Default callout usage,,,,,,,,,,,,,,,,,,,,,,,,,,,,,,,,,,,,,,,,,,,,,,,,,,,,,,,,,
Create a draggable Marker,,,,,,,,,,,,,,,,,,,,,,,,,,,,,,,,,,,,,,,,,,,,,,,,,,,,,,,,,
Extrude polygons for 3D indoor mapping,,,,,,,,,,,,,,,,,,,,,,,,,,,,,,,,,,,,,,,,,,,,,,,,,,,,,,,,,
Build a store locator using Mapbox GL JS,Getting started,Add structure,Initialize the map,Load data,Build store listing,Make the map interactive,Define interactivity functions,Add event listeners,Add custom markers,Add new event listeners,Final tweaks,Finished product,Next steps,3,,,,,,,,,,,,,,,,,,,,,,,,,,,,,,,,,,,,,,,,,,,
,,,,,,,,,,,,,,,,,,,,,,,,,,,,,,,,,,,,,,,,,,,,,,,,,,,,,,,,,
Create a simple map view,,,,,,,,,,,,,,,,,,,,,,,,,,,,,,,,,,,,,,,,,,,,,,,,,,,,,,,,,
zoom level,,,,,,,,,,,,,,,,,,,,,,,,,,,,,,,,,,,,,,,,,,,,,,,,,,,,,,,,,
Advanced navigation app,,,,,,,,,,,,,,,,,,,,,,,,,,,,,,,,,,,,,,,,,,,,,,,,,,,,,,,,,
Set a point after Geocoder result,,,,,,,,,,,,,,,,,,,,,,,,,,,,,,,,,,,,,,,,,,,,,,,,,,,,,,,,,
shapefile,,,,,,,,,,,,,,,,,,,,,,,,,,,,,,,,,,,,,,,,,,,,,,,,,,,,,,,,,
Storyboards,,,,,,,,,,,,,,,,,,,,,,,,,,,,,,,,,,,,,,,,,,,,,,,,,,,,,,,,,
layout and paint properties,,,,,,,,,,,,,,,,,,,,,,,,,,,,,,,,,,,,,,,,,,,,,,,,,,,,,,,,,
Set pitch and bearing,,,,,,,,,,,,,,,,,,,,,,,,,,,,,,,,,,,,,,,,,,,,,,,,,,,,,,,,,
Localization and internationalization,User interface,Spoken instructions,Supported languages,Contributing,,,,,,,,,,,,,,,,,,,,,,,,,,,,,,,,,,,,,,,,,,,,,,,,,,,,,
Use third-party vector tiles,,,,,,,,,,,,,,,,,,,,,,,,,,,,,,,,,,,,,,,,,,,,,,,,,,,,,,,,,
Update a choropleth layer by zoom level,,,,,,,,,,,,,,,,,,,,,,,,,,,,,,,,,,,,,,,,,,,,,,,,,,,,,,,,,
Style Specification,Root Properties,Light,Sources,vector,raster,raster-dem,geojson,image,video,Sprite,Glyphs,Transition,Layers,,background,fill,line,symbol,circle,fill-extrusion,heatmap,hillshade,Types,Color,Formatted,String,Boolean,Number,Array,Expressions,Data expressions,Camera expressions,Composition,Type system,Expression reference,Feature data,Lookup,Decision,"Ramps, scales, curves",Variable binding,Math,Zoom,Heatmap,Other,Function,stops,property,base,type,default,colorSpace,Other filter,Existential Filters,Comparison Filters,Set Membership Filters,Combining Filters,
Work with markers in Mapbox.js,Getting started,Add markers,Add markers in Leaflet,Add markers with GeoJSON in Mapbox.js,Style markers,Style markers with simplestyle,Style markers with an image,Style markers with HTML and CSS,Add popups with JavaScript,More examples,Cluster markers,Toggle layers,Next steps,2,,,,,,,,,,,,,,,,,,,,,,,,,,,,,,,,,,,,,,,,,,,
Rerouting,Off-route detection,Faster-route detection,,,,,,,,,,,,,,,,,,,,,,,,,,,,,,,,,,,,,,,,,,,,,,,,,,,,,,,
Make a tilequery request,,,,,,,,,,,,,,,,,,,,,,,,,,,,,,,,,,,,,,,,,,,,,,,,,,,,,,,,,
RecyclerView Directions,,,,,,,,,,,,,,,,,,,,,,,,,,,,,,,,,,,,,,,,,,,,,,,,,,,,,,,,,
POI placement,Customize POI prefabs,Create a custom scene with POIs,Benefits and limitations,,,,,,,,,,,,,,,,,,,,,,,,,,,,,,,,,,,,,,,,,,,,,,,,,,,,,,
Annotation views,,,,,,,,,,,,,,,,,,,,,,,,,,,,,,,,,,,,,,,,,,,,,,,,,,,,,,,,,
filter,,,,,,,,,,,,,,,,,,,,,,,,,,,,,,,,,,,,,,,,,,,,,,,,,,,,,,,,,
Place the geocoder input outside the map,,,,,,,,,,,,,,,,,,,,,,,,,,,,,,,,,,,,,,,,,,,,,,,,,,,,,,,,,
Select a feature within a layer,,,,,,,,,,,,,,,,,,,,,,,,,,,,,,,,,,,,,,,,,,,,,,,,,,,,,,,,,
Geographic Analytics Extension for Tableau,Capabilities,System requirements,Installation instructions,,,,,,,,,,,,,,,,,,,,,,,,,,,,,,,,,,,,,,,,,,,,,,,,,,,,,,
Snapshotter,Taking a map snapshot,,,,,,,,,,,,,,,,,,,,,,,,,,,,,,,,,,,,,,,,,,,,,,,,,,,,,,,,
Add a line annotation from GeoJSON,,,,,,,,,,,,,,,,,,,,,,,,,,,,,,,,,,,,,,,,,,,,,,,,,,,,,,,,,
TileMill,,,,,,,,,,,,,,,,,,,,,,,,,,,,,,,,,,,,,,,,,,,,,,,,,,,,,,,,,
coordinate,,,,,,,,,,,,,,,,,,,,,,,,,,,,,,,,,,,,,,,,,,,,,,,,,,,,,,,,,
Query map features,How querying works,Query rendered features,Query at a point,Query inside a bounding box,Query source features,,,,,,,,,,,,,,,,,,,,,,,,,,,,,,,,,,,,,,,,,,,,,,,,,,,,
Hollow circle,,,,,,,,,,,,,,,,,,,,,,,,,,,,,,,,,,,,,,,,,,,,,,,,,,,,,,,,,
Change the case of labels,,,,,,,,,,,,,,,,,,,,,,,,,,,,,,,,,,,,,,,,,,,,,,,,,,,,,,,,,
Custom routes,Use a map matching response to generate a route,Navigation UI SDK,Map matching with MapboxNavigation,,,,,,,,,,,,,,,,,,,,,,,,,,,,,,,,,,,,,,,,,,,,,,,,,,,,,,
Line behind moving icon,,,,,,,,,,,,,,,,,,,,,,,,,,,,,,,,,,,,,,,,,,,,,,,,,,,,,,,,,
Background fog,,,,,,,,,,,,,,,,,,,,,,,,,,,,,,,,,,,,,,,,,,,,,,,,,,,,,,,,,
Color dependent on zoom level,,,,,,,,,,,,,,,,,,,,,,,,,,,,,,,,,,,,,,,,,,,,,,,,,,,,,,,,,
Update a choropleth layer by zoom level,,,,,,,,,,,,,,,,,,,,,,,,,,,,,,,,,,,,,,,,,,,,,,,,,,,,,,,,,
 ,,,,,,,,,,,,,,,,,,,,,,,,,,,,,,,,,,,,,,,,,,,,,,,,,,,,,,,,,
,,,,,,,,,,,,,,,,,,,,,,,,,,,,,,,,,,,,,,,,,,,,,,,,,,,,,,,,,
,,,,,,,,,,,,,,,,,,,,,,,,,,,,,,,,,,,,,,,,,,,,,,,,,,,,,,,,,
,,,,,,,,,,,,,,,,,,,,,,,,,,,,,,,,,,,,,,,,,,,,,,,,,,,,,,,,,
,,,,,,,,,,,,,,,,,,,,,,,,,,,,,,,,,,,,,,,,,,,,,,,,,,,,,,,,,
Switch from Google Maps to Mapbox,Getting started,Initializing a web map,Google,Mapbox GL JS,Adding a marker,Adding interactivity,Next steps,,,,,,,2,,,,,,,,,,,,,,,,,,,,,,,,,,,,,,,,,,,,,,,,,,,
Show and hide a layer,,,,,,,,,,,,,,,,,,,,,,,,,,,,,,,,,,,,,,,,,,,,,,,,,,,,,,,,,
Animate 3D buildings based on ambient sounds,,,,,,,,,,,,,,,,,,,,,,,,,,,,,,,,,,,,,,,,,,,,,,,,,,,,,,,,,
Add a hillshade layer,About this style,Related resources,,,,,,,,,,,,,,,,,,,,,,,,,,,,,,,,,,,,,,,,,,,,,,,,,,,,,,,
Add custom icons with Markers,,,,,,,,,,,,,,,,,,,,,,,,,,,,,,,,,,,,,,,,,,,,,,,,,,,,,,,,,
Style circles with a data-driven property,,,,,,,,,,,,,,,,,,,,,,,,,,,,,,,,,,,,,,,,,,,,,,,,,,,,,,,,,
Animate a marker,,,,,,,,,,,,,,,,,,,,,,,,,,,,,,,,,,,,,,,,,,,,,,,,,,,,,,,,,
geocoding,,,,,,,,,,,,,,,,,,,,,,,,,,,,,,,,,,,,,,,,,,,,,,,,,,,,,,,,,
Icon update based on API response,,,,,,,,,,,,,,,,,,,,,,,,,,,,,,,,,,,,,,,,,,,,,,,,,,,,,,,,,
Getting started,Customize audio,Customize routing,Customize visual,AR,,,,,,,,,,,,,,,,,,,,,,,,,,,,,,,,,,,,,,,,,,,,,,,,,,,,,
dataset,,,,,,,,,,,,,,,,,,,,,,,,,,,,,,,,,,,,,,,,,,,,,,,,,,,,,,,,,
Mapbox Editor,,,,,,,,,,,,,,,,,,,,,,,,,,,,,,,,,,,,,,,,,,,,,,,,,,,,,,,,,
Display a map with a custom style,,,,,,,,,,,,,,,,,,,,,,,,,,,,,,,,,,,,,,,,,,,,,,,,,,,,,,,,,
Create new data,How datasets work,Format,Dataset to tileset process,Downloading datasets,Creating datasets,Mapbox Studio,Mapbox Datasets API,,,,,,,,,,,,,,,,,,,,,,,,,,,,,,,,,,,,,,,,,,,,,,,,,,
Draw multiple geometries,,,,,,,,,,,,,,,,,,,,,,,,,,,,,,,,,,,,,,,,,,,,,,,,,,,,,,,,,
Set up an external camera source,,,,,,,,,,,,,,,,,,,,,,,,,,,,,,,,,,,,,,,,,,,,,,,,,,,,,,,,,
Static Images API,,,,,,,,,,,,,,,,,,,,,,,,,,,,,,,,,,,,,,,,,,,,,,,,,,,,,,,,,
sprite,,,,,,,,,,,,,,,,,,,,,,,,,,,,,,,,,,,,,,,,,,,,,,,,,,,,,,,,,
Tileset sources and the Tilesets API,Tileset sources,Line-delimited GeoJSON,Validate line-delimited GeoJSON,Convert GeoJSON to line-delimited GeoJSON,Convert other data formats to line-delimited GeoJSON,Feature IDs in the Tilesets API,Feature ID format,,,,,,,,,,,,,,,,,,,,,,,,,,,,,,,,,,,,,,,,,,,,,,,,,,
Create a choropleth map,About this style,Related resources,,,,,,,,,,,,,,,,,,,,,,,,,,,,,,,,,,,,,,,,,,,,,,,,,,,,,,,
Picture in picture,,,,,,,,,,,,,,,,,,,,,,,,,,,,,,,,,,,,,,,,,,,,,,,,,,,,,,,,,
Scale bar,Install the Scale Bar Plugin,Add the dependency,Add the scale bar,Customizing the scale bar,Scale bar visibility,,,,,,,,,,,,,,,,,,,,,,,,,,,,,,,,,,,,,,,,,,,,,,,,,,,,
tileset recipe,,,,,,,,,,,,,,,,,,,,,,,,,,,,,,,,,,,,,,,,,,,,,,,,,,,,,,,,,
Set up an external camera source,,,,,,,,,,,,,,,,,,,,,,,,,,,,,,,,,,,,,,,,,,,,,,,,,,,,,,,,,
Map Matching API,,,,,,,,,,,,,,,,,,,,,,,,,,,,,,,,,,,,,,,,,,,,,,,,,,,,,,,,,
Add raster imagery,,,,,,,,,,,,,,,,,,,,,,,,,,,,,,,,,,,,,,,,,,,,,,,,,,,,,,,,,
Data clustering,CircleLayer,SymbolLayer,,,,,,,,,,,,,,,,,,,,,,,,,,,,,,,,,,,,,,,,,,,,,,,,,,,,,,,
Filter symbols by text input,,,,,,,,,,,,,,,,,,,,,,,,,,,,,,,,,,,,,,,,,,,,,,,,,,,,,,,,,
Swipe between maps,,,,,,,,,,,,,,,,,,,,,,,,,,,,,,,,,,,,,,,,,,,,,,,,,,,,,,,,,
latitude and longitude,,,,,,,,,,,,,,,,,,,,,,,,,,,,,,,,,,,,,,,,,,,,,,,,,,,,,,,,,
Create a line layer,,,,,,,,,,,,,,,,,,,,,,,,,,,,,,,,,,,,,,,,,,,,,,,,,,,,,,,,,
Access tokens,Analysis,Data,Datasets,Directions,Geocoding,Map design,Mobile apps,Navigation,Satellite,Third party integration,Unity,Uploads,Web apps,,,,,,,,,,,,,,,,,,,,,,,,,,,,,,,,,,,,,,,,,,,,
Create hotspots from points,,,,,,,,,,,,,,,,,,,,,,,,,,,,,,,,,,,,,,,,,,,,,,,,,,,,,,,,,
Generate and add a missing icon to the map,,,,,,,,,,,,,,,,,,,,,,,,,,,,,,,,,,,,,,,,,,,,,,,,,,,,,,,,,
Matrix,API request,API response,,,,,,,,,,,,,,,,,,,,,,,,,,,,,,,,,,,,,,,,,,,,,,,,,,,,,,,
Tokens API,,,,,,,,,,,,,,,,,,,,,,,,,,,,,,,,,,,,,,,,,,,,,,,,,,,,,,,,,
Styling heatmaps,,,,,,,,,,,,,,,,,,,,,,,,,,,,,,,,,,,,,,,,,,,,,,,,,,,,,,,,,
AR navigation,Route line,Related resources,,,,,,,,,,,,,,,,,,,,,,,,,,,,,,,,,,,,,,,,,,,,,,,,,,,,,,,
Update a feature in realtime,,,,,,,,,,,,,,,,,,,,,,,,,,,,,,,,,,,,,,,,,,,,,,,,,,,,,,,,,
Add multiple geometries from one GeoJSON source,,,,,,,,,,,,,,,,,,,,,,,,,,,,,,,,,,,,,,,,,,,,,,,,,,,,,,,,,
Support map fragment,,,,,,,,,,,,,,,,,,,,,,,,,,,,,,,,,,,,,,,,,,,,,,,,,,,,,,,,,
Styling the map,Style object,Changing the map style,Default Mapbox styles,Retrieving a map layer,Style-related events,,,,,,,,,,,,,,,,,,,,,,,,,,,,,,,,,,,,,,,,,,,,,,,,,,,,
SymbolLayer clustering,,,,,,,,,,,,,,,,,,,,,,,,,,,,,,,,,,,,,,,,,,,,,,,,,,,,,,,,,
Place picker,,,,,,,,,,,,,,,,,,,,,,,,,,,,,,,,,,,,,,,,,,,,,,,,,,,,,,,,,
Creating access tokens with the Tokens API,Getting started,Decide on your token scopes,Create a token that can create tokens,Make the token using the command line,Permanent/public tokens,Temporary tokens,Creating temporary tokens,Finished product,Next steps,,,,,2,,,,,,,,,,,,,,,,,,,,,,,,,,,,,,,,,,,,,,,,,,,
Offline maps,Requirements,Ambient caching,Working with offline maps,Updating offline resources,Tile ceiling & limits,Network data and disk space,Managing offline download size,,,,,,,,,,,,,,,,,,,,,,,,,,,,,,,,,,,,,,,,,,,,,,,,,,
Add custom icons or markers,Use the marker playground,Add markers in Mapbox GL JS,Add custom icons in Mapbox Studio,Part 1: create a dataset,Part 2: create a style,Part 3: add interactivity,Add markers in iOS,Add markers in Android,Add markers in Mapbox.js,,,,,1,,,,,,,,,,,,,,,,,,,,,,,,,,,,,,,,,,,,,,,,,,,
Landsat-live,,,,,,,,,,,,,,,,,,,,,,,,,,,,,,,,,,,,,,,,,,,,,,,,,,,,,,,,,
Add a Mapbox style to a CARTO map,Getting started,Add style created with Studio,Add style created with Studio Classic,Finished product,,,,,,,,,,1,,,,,,,,,,,,,,,,,,,,,,,,,,,,,,,,,,,,,,,,,,,
Navigation SDK for iOS,Structure of the SDK,Mapbox Core Navigation,Mapbox Navigation,Requirements,Product capabilities,Installation,CocoaPods,Carthage,Configuration,Testing and development,Simulate a route,Pricing,Available resources,,,,,,,,,,,,,,,,,,,,,,,,,,,,,,,,,,,,,,,,,,,,
Uploads API,,,,,,,,,,,,,,,,,,,,,,,,,,,,,,,,,,,,,,,,,,,,,,,,,,,,,,,,,
Variable label placement,,,,,,,,,,,,,,,,,,,,,,,,,,,,,,,,,,,,,,,,,,,,,,,,,,,,,,,,,
KML,,,,,,,,,,,,,,,,,,,,,,,,,,,,,,,,,,,,,,,,,,,,,,,,,,,,,,,,,
AR navigation,Route line,Related resources,,,,,,,,,,,,,,,,,,,,,,,,,,,,,,,,,,,,,,,,,,,,,,,,,,,,,,,
Static and print maps,How static maps work,Retina,High resolution images,Static images for print,Creating static maps,Mapbox Static Images API,Mapbox Static Images API playground,Overlays,Mapbox Studio,,,,,,,,,,,,,,,,,,,,,,,,,,,,,,,,,,,,,,,,,,,,,,,,
Vision SDK for AndroidBetaThis feature is in public beta and is subject to potential changes.,SDK structure,Available SDKs,Core logic,Requirements,Getting started,Download and install the SDK,SDK configuration,Set your Mapbox access token,Configure permissions,Add VisionView to the activity layout (optional),Lifecycle methods,Device setup,Testing and development,,Conditions,,,,,,,,,,,,,,,,,,,,,,,,,,,,,,,,,,,,,,,,,,
Adjust the zoom extent of your tileset,Why this happens,Vector data simplification,Minimum and maximum zoom levels,Transform data with Tippecanoe,Upload with Mapbox Studio Classic,,,,,,,,,,,,,,,,,,,,,,,,,,,,,,,,,,,,,,,,,,,,,,,,,,,,
Find elevations with the Tilequery API,Getting started,Create a map,Get coordinates when a user clicks,Add the sidebar,Tilequery API request format,Mapbox Terrain tileset,Add the Tilequery API call,Display the returned values,Add a marker to the clicked location,Final product,Next steps,,,2,,,,,,,,,,,,,,,,,,,,,,,,,,,,,,,,,,,,,,,,,,,
,Calendar integration,,,,,,,,,,,,,,,,,,,,,,,,,,,,,,,,,,,,,,,,,,,,,,,,,,,,,,,,
,Query a map feature,,,,,,,,,,,,,,,,,,,,,,,,,,,,,,,,,,,,,,,,,,,,,,,,,,,,,,,,
,Publish your style,Publish,Share button,Share URL,Develop,Style URL,Access token,Platforms,Web,"iOS, Android, and Unity",Third party,Download,Mapbox.js and Leaflet,Mapbox.js,Leaflet,Attribution and Terms of Service,,,,,,,,,,,,,,,,,,,,,,,,,,,,,,,,,,,,,,,,,
,Markers and annotations,Runtime styling,,,,,,,,,,,,,,,,,,,,,,,,,,,,,,,,,,,,,,,,,,,,,,,,,,,,,,,
,Display buildings in 3D,,,,,,,,,,,,,,,,,,,,,,,,,,,,,,,,,,,,,,,,,,,,,,,,,,,,,,,,
,Zoom-based icon switch,,,,,,,,,,,,,,,,,,,,,,,,,,,,,,,,,,,,,,,,,,,,,,,,,,,,,,,,
,style-optimized vector tiles,,,,,,,,,,,,,,,,,,,,,,,,,,,,,,,,,,,,,,,,,,,,,,,,,,,,,,,,
,Manage your fontstacks,Manage offline download size,,,,,,,,,,,,,,,,,,,,,,,,,,,,,,,,,,,,,,,,,,,,,,,,,,,,,,,
,Iconic buildings,ReplaceFeatureCollectionModifier overview,,,,,,,,,,,,,,,,,,,,,,,,,,,,,,,,,,,,,,,,,,,,,,,,,,,,,,,
,Geocoder,Geocoding response,Reverse geocoding,Batch geocoding,,,,,,,,,,,,,Kotlin,,,,,,,,,,,,,,,,,,,,,,,,,,,,,,,,,,,,,,,,
,Getting Started,Installation from Git (source),Next Steps,Explore,Issues,,,,,,,,,,,,,,,,,,,,,,,,,,,,,,,,,,,,,,,,,,,,,,,,,,,,
,Directions,Building a request,Handling the response,Drawing the route,,,,,,,,,,,,,Kotlin,,,,,,,,,,,,,,,,,,,,,,,,,,,,,,,,,,,,,,,,
,Showing device location,Customization,Active styling options,Stale styling options,Activating,Visibility,RenderMode,CameraMode,Gesture thresholds while camera tracking,,,,,,,,Kotlin,,,,,,,,,,,,,,,,,,,,,,,,,,,,,,,,,,,,,,,,
,Satellite imagery,Raster data,Satellite rasters,Satellite sources,Using satellite imagery,Uploading satellite imagery,Tracing satellite imagery,Providing satellite feedback,,,,,,,,,,,,,,,,,,,,,,,,,,,,,,,,,,,,,,,,,,,,,,,,,
,Location based games,Use case ideas,Points of interest,Racing games,RPG and strategy games,Aviation games,Augmented reality,Level creation,Build with the Maps SDK for Unity,,,,,,,,,,,,,,,,,,,,,,,,,,,,,,,,,,,,,,,,,,,,,,,,
,Change a layer's color with buttons,,,,,,,,,,,,,,,,,,,,,,,,,,,,,,,,,,,,,,,,,,,,,,,,,,,,,,,,
,China,Add the dependency,Shrink dependency size,Using the correct objects,China Map Styles,Shifting raw coordinates,Shifting GeoJSON data,Shifting device location,,,,,,,,,Kotlin,,,,,,,,,,,,,,,,,,,,,,,,,,,,,,,,,,,,,,,,
,Add a vector tile source,,,,,,,,,,,,,,,,,,,,,,,,,,,,,,,,,,,,,,,,,,,,,,,,,,,,,,,,
,Share snapshot image,,,,,,,,,,,,,,,,,,,,,,,,,,,,,,,,,,,,,,,,,,,,,,,,,,,,,,,,
,Toggle collision detection,,,,,,,,,,,,,,,,,,,,,,,,,,,,,,,,,,,,,,,,,,,,,,,,,,,,,,,,
,camera,,,,,,,,,,,,,,,,,,,,,,,,,,,,,,,,,,,,,,,,,,,,,,,,,,,,,,,,
,Embedded Navigation,,,,,,,,,,,,,,,,,,,,,,,,,,,,,,,,,,,,,,,,,,,,,,,,,,,,,,,,
,access token,Public scopes and tokens,Secret scopes and tokens,Default Public Token,The Tokens API,,,,,,,,,,,,,,,,,,,,,,,,,,,,,,,,,,,,,,,,,,,,,,,,,,,,
,Draw GeoJSON points,,,,,,,,,,,,,,,,,,,,,,,,,,,,,,,,,,,,,,,,,,,,,,,,,,,,,,,,
,Access Traffic Data files,File location,Sample data access,,,,,,,,,,,,,,,,,,,,,,,,,,,,,,,,,,,,,,,,,,,,,,,,,,,,,,
,Add live data,,,,,,,,,,,,,,,,Objective-C,,,,,,,,,,,,,,,,,,,,,,,,,,,,,,,,,,,,,,,,
,User interaction,FeedbackListener,,,,,,,,,,,,,,,Kotlin,,,,,,,,,,,,,,,,,,,,,,,,,,,,,,,,,,,,,,,,
,Style lines using an identity property function,,,,,,,,,,,,,,,,,,,,,,,,,,,,,,,,,,,,,,,,,,,,,,,,,,,,,,,,
,How to use Mapbox securely,Access tokens,Data security,CSP Directives,Mapbox GL JS popups,API requests,Review security bulletins,Keep your account secure,Strong passwords,Two-factor authentication,Learn about our bug bounty program,,,,,,,,,,,,,,,,,,,,,,,,,,,,,,,,,,,,,,,,,,,,,,
,Analyze data with Turf.js and Mapbox GL JS,Add structure,Initialize a map,Load data,Add interactivity,Add Turf,Finished product,Next steps,,,,,,,,,,2,,,,,,,,,,,,,,,,,,,,,,,,,,,,,,,,,,,,,,,
,Create a gradient line using an expression,,,,,,,,,,,,,,,,,,,,,,,,,,,,,,,,,,,,,,,,,,,,,,,,,,,,,,,,
,tileset source,,,,,,,,,,,,,,,,,,,,,,,,,,,,,,,,,,,,,,,,,,,,,,,,,,,,,,,,
,Animate the map camera,,,,,,,,,,,,,,,,,,,,,,,,,,,,,,,,,,,,,,,,,,,,,,,,,,,,,,,,
,Offline routing,Test offline routing,Offline maps and offline routing,Integrate offline routing in your app,Example use,Rerouting,Estimated local storage and memory benchmarks,Local storage estimates,Memory estimates,,,,,,,,,,,,,,,,,,,,,,,,,,,,,,,,,,,,,,,,,,,,,,,,
,Add multiple shapes from a single shape source,,,,,,,,,,,,,,,,Objective-C,,,,,,,,,,,,,,,,,,,,,,,,,,,,,,,,,,,,,,,,
,Basic navigation app,,,,,,,,,,,,,,,,,,,,,,,,,,,,,,,,,,,,,,,,,,,,,,,,,,,,,,,,
,Directions API,,,,,,,,,,,,,,,,,,,,,,,,,,,,,,,,,,,,,,,,,,,,,,,,,,,,,,,,
,Mapbox Boundaries v2,Tilesets,Geometry types,Area Layer Reference,boundaries_{type}_{level},id text,worldview text,points_{type}_{level},Administrative Line Layer Reference,boundaries_admin_lines,admin_level text,disputed text,coastal text,parent_0 text,,,,,,,,,,,,,,,,,,,,,,,,,,,,,,,,,,,,,,,,,,,
,Understanding Android APK size,Drop unnecessary architectures,Leverage ABI splits,Contribute,,,,,,,,,,,,,,,,,,,,,,,,,,,,,,,,,,,,,,,,,,,,,,,,,,,,,
,Build a store locator for Android,Set up the starter kit,Access token,MapActivity,Choose a theme,Add your data,Create a dataset,Replace data,Update bounding box and location,Display distances and routes,Add custom markers,Add a new image to your project,Use the new image as a marker,Customize card icons,Import the image,Use the new image on the scrolling card,,3,Final product,Next steps,,,,,,,,,,,,,,,,,,,,,,,,,,,,,,,,,,,,,
,,,,,,,,,,,,,,,,,,,,,,,,,,,,,,,,,,,,,,,,,,,,,,,,,,,,,,,,,
,Geocoding API,,,,,,,,,,,,,,,,,,,,,,,,,,,,,,,,,,,,,,,,,,,,,,,,,,,,,,,,
,Join local JSON data with vector tile geometries,,,,,,,,,,,,,,,,,,,,,,,,,,,,,,,,,,,,,,,,,,,,,,,,,,,,,,,,
,Places,Install the Places Plugin,Add the dependency,Add Autocomplete,Launch as an activity for result,Display as a fragment,Customize Autocomplete results,Customize search results,Customize the UI component,Add suggestions,Clear search history,Place Picker,PlaceOptions for Place Picker,,,,Kotlin,,,,,,,,,,,,,,,,,,,,,,,,,,,,,,,,,,,,,,,,
,SVG,,,,,,,,,,,,,,,,,,,,,,,,,,,,,,,,,,,,,,,,,,,,,,,,,,,,,,,,
,Overview,Pricing by product,Related resources,,,,,,,,,,,,,,,,,,,,,,,,,,,,,,,,,,,,,,,,,,,,,,,,,,,,,,
,Camera animation,,,,,,,,,,,,,,,,Objective-C,,,,,,,,,,,,,,,,,,,,,,,,,,,,,,,,,,,,,,,,
,source layer,Select data in the Mapbox Studio style editor,Layer overview in the Mapbox Studio style editor,,,,,,,,,,,,,,,,,,,,,,,,,,,,,,,,,,,,,,,,,,,,,,,,,,,,,,
,Jump to a series of locations,,,,,,,,,,,,,,,,,,,,,,,,,,,,,,,,,,,,,,,,,,,,,,,,,,,,,,,,
,Mark a place on the map with an annotation,,,,,,,,,,,,,,,,Objective-C,,,,,,,,,,,,,,,,,,,,,,,,,,,,,,,,,,,,,,,,
,Custom server,,,,,,,,,,,,,,,,,,,,,,,,,,,,,,,,,,,,,,,,,,,,,,,,,,,,,,,,
,Marker following route,,,,,,,,,,,,,,,,,,,,,,,,,,,,,,,,,,,,,,,,,,,,,,,,,,,,,,,,
,Spatial analysis,Examples of spatial analysis,Common functions,Method types,Using spatial analysis,,,,,,,,,,,,,,,,,,,,,,,,,,,,,,,,,,,,,,,,,,,,,,,,,,,,
,Extend Mapbox Boundaries,Format Data,Concatenate the data,Generate a unique identifier,Create tiles,Create the polygon source layer,Create the point source layer,Create a single tileset,Composite tiles,Final product,Next steps,,,,,,,3,,,,,,,,,,,,,,,,,,,,,,,,,,,,,,,,,,,,,,,
,Upload to Mapbox using cURL,Stage your file on Amazon S3,Begin the upload process,Finished product,,,,,,,,,,,,,,3,,,,,,,,,,,,,,,,,,,,,,,,,,,,,,,,,,,,,,,
,Mapbox web services,,,,,,,,,,,,,,,,,,,,,,,,,,,,,,,,,,,,,,,,,,,,,,,,,,,,,,,,
,simplestyle,,,,,,,,,,,,,,,,,,,,,,,,,,,,,,,,,,,,,,,,,,,,,,,,,,,,,,,,
,Data-driven styling for Android,Upload data to Mapbox,Initialize a MapView,Load the source,Style the layer,Change color and opacity,Specify radius based on a data attribute,Finished product,Next steps,,,,,,,,,2,,,,,,,,,,,,,,,,,,,,,,,,,,,,,,,,,,,,,,,
,vector tiles,,,,,,,,,,,,,,,,,,,,,,,,,,,,,,,,,,,,,,,,,,,,,,,,,,,,,,,,
,Reference,Tilesets,Datasets,,,,,,,,,,,,,,,,,,,,,,,,,,,,,,,,,,,,,,,,,,,,,,,,,,,,,,
,Directions,The routing network,Travel times,Traffic data,Highly accurate travel times,Moderately accurate travel times,Limited predictability of travel times,Using directions services,Web services APIs,Mapbox Directions API,Mapbox Matrix API,Mapbox Optimization API,Mapbox Map Matching API,Mapbox Navigation SDK,Libraries and plugins,Testing the API,,,Providing directions feedback,,,,,,,,,,,,,,,,,,,,,,,,,,,,,,,,,,,,,,
,Tilequery API,,,,,,,,,,,,,,,,,,,,,,,,,,,,,,,,,,,,,,,,,,,,,,,,,,,,,,,,
,Data-joins with Mapbox Boundaries,About data-joins,Create a data-join with Mapbox Boundaries,Create a map with Mapbox GL JS,Local data,Mapbox Boundaries lookup table,Feature state,Data-driven styling with expressions,Final product,Next steps,More Mapbox Boundaries tutorials,Advanced use cases,,,,,,3,,,,,,,,,,,,,,,,,,,,,,,,,,,,,,,,,,,,,,,
,runtime styling,,,,,,,,,,,,,,,,,,,,,,,,,,,,,,,,,,,,,,,,,,,,,,,,,,,,,,,,
,Visualize population density,,,,,,,,,,,,,,,,,,,,,,,,,,,,,,,,,,,,,,,,,,,,,,,,,,,,,,,,
,Style ocean depth data,,,,,,,,,,,,,,,,,,,,,,,,,,,,,,,,,,,,,,,,,,,,,,,,,,,,,,,,
,mapnik,,,,,,,,,,,,,,,,,,,,,,,,,,,,,,,,,,,,,,,,,,,,,,,,,,,,,,,,
,Default styles,,,,,,,,,,,,,,,,Objective-C,,,,,,,,,,,,,,,,,,,,,,,,,,,,,,,,,,,,,,,,
,Restrict map panning to an area,,,,,,,,,,,,,,,,,,,,,,,,,,,,,,,,,,,,,,,,,,,,,,,,,,,,,,,,
,Adjust text labels,,,,,,,,,,,,,,,,,,,,,,,,,,,,,,,,,,,,,,,,,,,,,,,,,,,,,,,,
,Default styles,,,,,,,,,,,,,,,,,,,,,,,,,,,,,,,,,,,,,,,,,,,,,,,,,,,,,,,,
,Tutorials,,,,,,,,,,,,,,,,,,,,,,,,,,,,,,,,,,,,,,,,,,,,,,,,,,,,,,,,
,Animated icon movement,,,,,,,,,,,,,,,,,,,,,,,,,,,,,,,,,,,,,,,,,,,,,,,,,,,,,,,,
,quadtree,,,,,,,,,,,,,,,,,,,,,,,,,,,,,,,,,,,,,,,,,,,,,,,,,,,,,,,,
,,,,,,,,,,,,,,,,,,,,,,,,,,,,,,,,,,,,,,,,,,,,,,,,,,,,,,,,,
,,,,,,,,,,,,,,,,,,,,,,,,,,,,,,,,,,,,,,,,,,,,,,,,,,,,,,,,,
,,,,,,,,,,,,,,,,,,,,,,,,,,,,,,,,,,,,,,,,,,,,,,,,,,,,,,,,,
,,,,,,,,,,,,,,,,,,,,,,,,,,,,,,,,,,,,,,,,,,,,,,,,,,,,,,,,,
,Troubleshoot your Atlas installation,"""No space left on device"" errors","""Docker daemon is not running"" errors",View server logs,Expired license error message,Cannot verify certificate,Submit feedback about Atlas,,,,,,,,,,,,,,,,,,,,,,,,,,,,,,,,,,,,,,,,,,,,,,,,,,
,Local search with the Geocoding API,Geocoding API query structure,Required parameters,Optional parameters,The proximity parameter,The bbox parameter,Build the Geocoding API query,Geocoding plugins and libraries,Create your app,Set up your HTML file,Initialize the map,Add a marker to the map,Add the geocoder,Add the bbox and proximity parameters,Place markers at selected results,View the API call in developer tools,,2,Finished product,Next steps,,,,,,,,,,,,,,,,,,,,,,,,,,,,,,,,,,,,,
,classic style,,,,,,,,,,,,,,,,,,,,,,,,,,,,,,,,,,,,,,,,,,,,,,,,,,,,,,,,
,Display a popup,,,,,,,,,,,,,,,,,,,,,,,,,,,,,,,,,,,,,,,,,,,,,,,,,,,,,,,,
,Faster-route detection,FasterRouteListener,Custom logic for fetching faster routes,When to check for a faster route,What qualifies as a faster route,,,,,,,,,,,,Kotlin,,,,,,,,,,,,,,,,,,,,,,,,,,,,,,,,,,,,,,,,
,Get started with Mapbox Boundaries,Add to an application,About Mapbox Boundaries,Tileset IDs,Feature IDs,Minimum zoom levels and bounding boxes,Example,Feature lookup tables,About feature lookup tables,Sample workflow,Next steps,,,,,,,2,,,,,,,,,,,,,,,,,,,,,,,,,,,,,,,,,,,,,,,
,Tilesets API recipe reference,LayerObject,Basic example,Multi-layer recipes,Layer name configuration,Source configuration,Zoom level configuration,Feature configuration,Feature IDs,Feature filters,Filter expressions,Feature attributes,Feature simplification,Tile configurations,Feature union,More resources,,,,,,,,,,,,,,,,,,,,,,,,,,,,,,,,,,,,,,,,,
,Add a new layer below labels,,,,,,,,,,,,,,,,,,,,,,,,,,,,,,,,,,,,,,,,,,,,,,,,,,,,,,,,
,Localize the geocoder to a given language,,,,,,,,,,,,,,,,,,,,,,,,,,,,,,,,,,,,,,,,,,,,,,,,,,,,,,,,
,,,,,,,,,,,,,,,,,,,,,,,,,,,,,,,,,,,,,,,,,,,,,,,,,,,,,,,,,
,Maneuver instructions,Visual instruction events,Spoken instruction events,Customization in the drop-in UI,Custom instructions,Visual instructions,Spoken instructions,Device notifications,,,,,,,,,,,,,,,,,,,,,,,,,,,,,,,,,,,,,,,,,,,,,,,,,
,Mock navigation,,,,,,,,,,,,,,,,,,,,,,,,,,,,,,,,,,,,,,,,,,,,,,,,,,,,,,,,
,Zoomable map,Using the SpawnOnMap example script,Understand quadtree tile provider,Benefits and limitations,,,,,,,,,,,,,,,,,,,,,,,,,,,,,,,,,,,,,,,,,,,,,,,,,,,,,
,Mapbox Satellite,,,,,,,,,,,,,,,,,,,,,,,,,,,,,,,,,,,,,,,,,,,,,,,,,,,,,,,,
,Change your map’s label language,Right-to-left language support,Mapbox GL JS,Mapbox Studio,Change label language in Mapbox Studio,Layer by layer,Multiple layers at once,Change label language dynamically,Mapbox Maps SDK for Android,Mapbox Maps SDK for iOS,Change label language in Mapbox Studio Classic,,,,,,,,,,,,,,,,,,,,,,,,,,,,,,,,,,,,,,,,,,,,,,
,Display HTML clusters with custom properties,,,,,,,,,,,,,,,,,,,,,,,,,,,,,,,,,,,,,,,,,,,,,,,,,,,,,,,,
,CircleLayer clusters,,,,,,,,,,,,,,,,,,,,,,,,,,,,,,,,,,,,,,,,,,,,,,,,,,,,,,,,
,Indoor Map,,,,,,,,,,,,,,,,,,,,,,,,,,,,,,,,,,,,,,,,,,,,,,,,,,,,,,,,
,Highlight features within a bounding box,,,,,,,,,,,,,,,,,,,,,,,,,,,,,,,,,,,,,,,,,,,,,,,,,,,,,,,,
,Tilesets API recipe examples,Points of Interest,Natural Earth Data populated places,High density points for data visualization (data reduction),Union road features based on common attributes,Natural Earth: countries and polygon simplification,Natural Earth: roads,Building footprints,Intricate road network,,,,,,,,,,,,,,,,,,,,,,,,,,,,,,,,,,,,,,,,,,,,,,,,
,Working with firewalls,,,,,,,,,,,,,,,,,,,,,,,,,,,,,,,,,,,,,,,,,,,,,,,,,,,,,,,,
,Tilesets,Manage tilesets,New tileset,Upload a file,Create from dataset,Tileset menu,Replace,Make private,Delete,Tileset ID,Tileset information page,,,,,,,,,,,,,,,,,,,,,,,,,,,,,,,,,,,,,,,,,,,,,,
,Basic blue-line AR navigation,,,,,,,,,,,,,,,,,,,,,,,,,,,,,,,,,,,,,,,,,,,,,,,,,,,,,,,,
,World-scale AR manual alignment,Getting started,Running in the editor,Editing the Scene,Running on a device,,,,,,,,,,,,,,,,,,,,,,,,,,,,,,,,,,,,,,,,,,,,,,,,,,,,
,Fit camera in bounding box,,,,,,,,,,,,,,,,,,,,,,,,,,,,,,,,,,,,,,,,,,,,,,,,,,,,,,,,
,Show changes over time with Mapbox GL JS,Add a map,Create an HTML file,Initialize the map,Load your data,Add a layer,Create a legend,Add a time slider,Add a map filter,Create a slider bar,Add interactivity,Filter by day of the week,Create a radio button group,Combine the filters,Combining filters,Finished product,Next steps,3,,,,,,,,,,,,,,,,,,,,,,,,,,,,,,,,,,,,,,,
,annotation,,,,,,,,,,,,,,,,,,,,,,,,,,,,,,,,,,,,,,,,,,,,,,,,,,,,,,,,
,Variable label placement,,,,,,,,,,,,,,,,,,,,,,,,,,,,,,,,,,,,,,,,,,,,,,,,,,,,,,,,
,Location-based game,Understand the LocationProvider script,Benefits and limitations,,,,,,,,,,,,,,,,,,,,,,,,,,,,,,,,,,,,,,,,,,,,,,,,,,,,,,
,Mapbox GL JS,CSP Directives,Mapbox CSS,,,,,,,,,,,,,,,,,,,,,,,,,,,,,,,,,,,,,,,,,,,,,,,,,,,,,,
,Data format,Data updates,Typical data file,Typical file S3 naming schema,Typical file contents,Find a specific time in the Typical file,Data considerations for the Typical file,Typical file size,Live data file,Live file S3 naming schema,Live file contents,Data considerations for the Live file,Live file size,,,,,,,,,,,,,,,,,,,,,,,,,,,,,,,,,,,,,,,,,,,,
,Accounts service,Token format,Token metadata object,Example token metadata object,List tokens,Example request: List tokens,Response: List tokens,Example response: List tokens,Create a token,Available token scopes,Example request: Create a token,Response: Create a token,Example response: Create a token,Create a temporary token,Example request: Create a temporary token,Example request body: Create a temporary token,Response: Create a temporary token,,Example response: Create a temporary token,Update a token,Example request: Update a token,Response: Update a token,Example response: Update a token,Delete a token,Example request: Delete a token,Response: Delete a token,Retrieve a token,Example request: Retrieve a token,Response: Retrieve a token,Example response: Retrieve a token,List scopes,Example request: List scopes,Response: List scopes,Example response (truncated): List scopes,Tokens API errors,Tokens API restrictions and limits,,,,,,,,,,,,,,,,,,,,,
,Map features,Features,Buildings,Filters,Modeling,Texturing,Behavior modifiers,,,,,,,,,,,,,,,,,,,,,,,,,,,,,,,,,,,,,,,,,,,,,,,,,,
,Platform Support,Vector Tile,Global Elevation Data,Directions,Traffic,Tile Error Callbacks,,,,,,,,,,,,,,,,,,,,,,,,,,,,,,,,,,,,,,,,,,,,,,,,,,,
,Mapbox Maps SDK for Unity,,,,,,,,,,,,,,,,,,,,,,,,,,,,,,,,,,,,,,,,,,,,,,,,,,,,,,,,
,Download an offline map,,,,,,,,,,,,,,,,,,,,,,,,,,,,,,,,,,,,Objective-C,,,,,,,,,,,,,,,,,,,,
,Data,Print,Web apps,,,,,,,,,,,,,,,,,,,,,,,,,,,,,,,,,,,,,,,,,,,,,,,,,,,,,,
,Data flow and Visualization details,Visualization Types,Clustering,Grids,Voronoi,Data elevation,,,,,,,,,,,,,,,,,,,,,,,,,,,,,,,,,,,,,,,,,,,,,,,,,,,
,Map design,,,,,,,,,,,,,,,,,,,,,,,,,,,,,,,,,,,,,,,,,,,,,,,,,,,,,,,,
,Map Matching,,,,,,,,,,,,,,,,,,,,,,,,,,,,,,,,,,,,,,,,,,,,,,,,,,,,,,,,
,Faster-route detection,FasterRouteListener,Custom logic for fetching faster routes,When to check for a faster route,What qualifies as a faster route,,,,,,,,,,,,,,,,,,,,,,,,,,,,,,,,Kotlin,,,,,,,,,,,,,,,,,,,,
,Get started with Mapbox Boundaries,Add to an application,About Mapbox Boundaries,Tileset IDs,Feature IDs,Minimum zoom levels and bounding boxes,Example,Feature lookup tables,About feature lookup tables,Sample workflow,Next steps,,,,,,,2,,,,,,,,,,,,,,,,,,,,,,,,,,,,,,,,,,,,,,,
,Tilesets API recipe reference,LayerObject,Basic example,Multi-layer recipes,Layer name configuration,Source configuration,Zoom level configuration,Feature configuration,Feature IDs,Feature filters,Filter expressions,Feature attributes,Feature simplification,Tile configurations,Feature union,More resources,,,,,,,,,,,,,,,,,,,,,,,,,,,,,,,,,,,,,,,,,
,Add a new layer below labels,,,,,,,,,,,,,,,,,,,,,,,,,,,,,,,,,,,,,,,,,,,,,,,,,,,,,,,,
,Localize the geocoder to a given language,,,,,,,,,,,,,,,,,,,,,,,,,,,,,,,,,,,,,,,,,,,,,,,,,,,,,,,,
,Zoomable map,Using the SpawnOnMap example script,Understand quadtree tile provider,Benefits and limitations,,,,,,,,,,,,,,,,,,,,,,,,,,,,,,,,,,,,,,,,,,,,,,,,,,,,,
,Mapbox Satellite,,,,,,,,,,,,,,,,,,,,,,,,,,,,,,,,,,,,,,,,,,,,,,,,,,,,,,,,
,Change your map’s label language,Right-to-left language support,Mapbox GL JS,Mapbox Studio,Change label language in Mapbox Studio,Layer by layer,Multiple layers at once,Change label language dynamically,Mapbox Maps SDK for Android,Mapbox Maps SDK for iOS,Change label language in Mapbox Studio Classic,,,,,,,,,,,,,,,,,,,,,,,,,,,,,,,,,,,,,,,,,,,,,,
,Local search with the Geocoding API,Geocoding API query structure,Required parameters,Optional parameters,The proximity parameter,The bbox parameter,Build the Geocoding API query,Geocoding plugins and libraries,Create your app,Set up your HTML file,Initialize the map,Add a marker to the map,Add the geocoder,Add the bbox and proximity parameters,Place markers at selected results,View the API call in developer tools,Finished product,2,Next steps,,,,,,,,,,,,,,,,,,,,,,,,,,,,,,,,,,,,,,
,Display a popup,,,,,,,,,,,,,,,,,,,,,,,,,,,,,,,,,,,,,,,,,,,,,,,,,,,,,,,,
,classic style,,,,,,,,,,,,,,,,,,,,,,,,,,,,,,,,,,,,,,,,,,,,,,,,,,,,,,,,
,Highlight features within a bounding box,,,,,,,,,,,,,,,,,,,,,,,,,,,,,,,,,,,,,,,,,,,,,,,,,,,,,,,,
,Opacity fade,,,,,,,,,,,,,,,,,,,,,,,,,,,,,,,,,,,,,,,,,,,,,,,,,,,,,,,,
,Style circles categorically,,,,,,,,,,,,,,,,,,,,,,,,,,,,,,,,,,,,,,,,,,,,,,,,,,,,,,,,
,Mock navigation,,,,,,,,,,,,,,,,,,,,,,,,,,,,,,,,,,,,,,,,,,,,,,,,,,,,,,,,
,Transition from Mapbox.js to Mapbox GL JS,Initialize a map,Mapbox.js,Mapbox GL JS,Add a marker,Add a layer,Transferable resources,Learn more about using Mapbox GL JS,,,,,,,,,,,,,,,,,,,,,,,,,,,,,,,,,,,,,,,,,,,,,,,,,
,Improve the performance of Mapbox GL JS maps,Render time,Source update time,Layer update time,Strategies for improving performance,Combine layers,Use vector tileset sources,Combine vector tile sources,Remove unused features,Optimize expressions,Filter by zoom levels,Reduce the number of filters,Make sure expressions do not produce errors,Order filter conditions from more specific to less specific,Simplify expressions,Style denser features first,Use a separate GeoJSON source for data that needs to be updated rapidly,,Use feature state,Similar layers,,,,,,,,,,,,,,,,,,,,,,,,,,,,,,,,,,,,,
,Route progress,,,,,,,,,,,,,,,,,,,,,,,,,,,,,,,,,,,,,,,,,,,,,,,,,,,,,,,,
,Create a custom style,Create a new style,Customize your style,The style editor,Style background and water layers,Style the water layer,Style the background layer by zoom level,Style the landuse and national park layers,Update fonts,Style labels,Style buildings,Publish,Finished product,Next steps,,,,1,,,,,,,,,,,,,,,,,,,,,,,,,,,,,,,,,,,,,,,
,map view,,,,,,,,,,,,,,,,,,,,,,,,,,,,,,,,,,,,,,,,,,,,,,,,,,,,,,,,
,Get features under the mouse pointer,,,,,,,,,,,,,,,,,,,,,,,,,,,,,,,,,,,,,,,,,,,,,,,,,,,,,,,,
,layer,,,,,,,,,,,,,,,,,,,,,,,,,,,,,,,,,,,,,,,,,,,,,,,,,,,,,,,,
,Custom voice controller,,,,,,,,,,,,,,,,,,,,,,,,,,,,,,,,,,,,,,,,,,,,,,,,,,,,,,,,
,Create a timezone finder with Mapbox Tilequery API,Structure the webpage,Build the API request,Parameters,Access token,Review the response,Add the API request to the app,Include Tilequery API,Add interactivity,Display messages,Finished product,Next steps,,,,,,2,,,,,,,,,,,,,,,,,,,,,,,,,,,,,,,,,,,,,,,
,Make a choropleth map with the Mapbox Visual for Power BI,Upload your tileset to Mapbox,Add data to Power BI,Create a new report,Add the Mapbox Visual to the report,Build the choropleth visualization,Include an access token,Create the choropleth,Add a custom tileset,Final product,Next steps,,,,,,,2,,,,,,,,,,,,,,,,,,,,,,,,,,,,,,,,,,,,,,,
,Show a user's location on a map fragment,,,,,,,,,,,,,,,,,,,,,,,,,,,,,,,,,,,,,,,,,,,,,,,,,,,,,,,,
,Troubleshooting SVG image errors in Mapbox Studio,Black images with no color,Sketch icons are not rendered correctly in Mapbox Studio,"""Icon upload failed"" error",Size property causing icon to look blurry,Change an icon from the Mapbox template styles,Create SVG icons in Adobe Illustrator,Export,Save as,Unsupported SVG elements and attributes,,,,,,,,,,,,,,,,,,,,,,,,,,,,,,,,,,,,,,,,,,,,,,,
,Getting started,Safety,,,,,,,,,,,,,,,,,,,,,,,,,,,,,,,,,,,,,,,,,,,,,,,,,,,,,,,
,Change building color based on zoom level,,,,,,,,,,,,,,,,,,,,,,,,,,,,,,,,,,,,,,,,,,,,,,,,,,,,,,,,
,Toggle interactions,,,,,,,,,,,,,,,,,,,,,,,,,,,,,,,,,,,,,,,,,,,,,,,,,,,,,,,,
,Display real-time traffic,,,,,,,,,,,,,,,,,,,,,,,,,,,,,,,,,,,,,,,,,,,,,,,,,,,,,,,,
,Global location search,,,,,,,,,,,,,,,,,,,,,,,,,,,,,,,,,,,,,,,,,,,,,,,,,,,,,,,,
,Migrating to v1.4,Map setup,Tile provider setup,MapVisualizer setup,API changes,,,,,,,,,,,,,,,,,,,,,,,,,,,,,,,,,,,,,,,,,,,,,,,,,,,,
,Add an image,,,,,,,,,,,,,,,,,,,,,,,,,,,,,,,,,,,,,,,,,,,,,,,,,,,,,,,,
,Draggable annotation views,,,,,,,,,,,,,,,,,,,,,,,,,,,,,,,,,,,,Objective-C,,,,,,,,,,,,,,,,,,,,
,Build a store locator using Mapbox.js,Add structure,Initialize map,Load data,Build listings and tooltips,Add custom markers,Finished product,Next steps,,,,,,,,,,3,,,,,,,,,,,,,,,,,,,,,,,,,,,,,,,,,,,,,,,
,Add a generated icon to the map,,,,,,,,,,,,,,,,,,,,,,,,,,,,,,,,,,,,,,,,,,,,,,,,,,,,,,,,
,Point-in-polygon query with Mapbox Boundaries,About the Tilequery API,Query Mapbox Boundaries,Query multiple tilesets,Next steps,Learn more about the Tilequery API,Learn more about Mapbox Boundaries,Advanced use cases,,,,,,,,,,2,,,,,,,,,,,,,,,,,,,,,,,,,,,,,,,,,,,,,,,
,Button interaction styling,,,,,,,,,,,,,,,,,,,,,,,,,,,,,,,,,,,,,,,,,,,,,,,,,,,,,,,,
,Get started with Mapbox GL JS expressions,What are expressions?,Uses,Syntax,Set up a map,Add a designer style to your account,Upload data,Initialize a map with data,Write a property expression,Calculate the age of each landmark,Specify the circle radius,Adjust the circle radius,Add a zoom expression,Final product,Next steps,,,2,,,,,,,,,,,,,,,,,,,,,,,,,,,,,,,,,,,,,,,
,Android Plugins,How plugins work,Prerequisites,Available documentation,Maps SDK compatibility,Support and contributions,,,,,,,,,,,,,,,,,,,,,,,,,,,,,,,,,,,,,,,,,,,,,,,,,,,
,Data-driven styling,Vector,Raster,GeoJson,Image,Custom geometry,Raster DEM,Layers,Background,Fill,Line,Symbol,Circle,Removing sources and layers,Modify properties,Capturing click events,,,,,,,,,,,,,,,,,,,,,Kotlin,,,,,,,,,,,,,,,,,,,,
,Dynamically style interactive points,,,,,,,,,,,,,,,,,,,,,,,,,,,,,,,,,,,,Objective-C,,,,,,,,,,,,,,,,,,,,
,,,,,,,,,,,,,,,,,,,,,,,,,,,,,,,,,,,,,,,,,,,,,,,,,,,,,,,,,
,,,,,,,,,,,,,,,,,,,,,,,,,,,,,,,,,,,,,,,,,,,,,,,,,,,,,,,,,
,,,,,,,,,,,,,,,,,,,,,,,,,,,,,,,,,,,,,,,,,,,,,,,,,,,,,,,,,
,,,,,,,,,,,,,,,,,,,,,,,,,,,,,,,,,,,,,,,,,,,,,,,,,,,,,,,,,
,Off-route detection,Initialized,Tracking,Off-route,Corralling,OffRouteListener,Further customization,,,,,,,,,,,,,,,,,,,,,,,,,,,,,,Kotlin,,,,,,,,,,,,,,,,,,,,
,Mapbox Studio,,,,,,,,,,,,,,,,,,,,,,,,,,,,,,,,,,,,,,,,,,,,,,,,,,,,,,,,
,Apply a style designed in Mapbox Studio Classic,,,,,,,,,,,,,,,,,,,,,,,,,,,,,,,,,,,,Objective-C,,,,,,,,,,,,,,,,,,,,
,Add hillshading,,,,,,,,,,,,,,,,,,,,,,,,,,,,,,,,,,,,,,,,,,,,,,,,,,,,,,,,
,Turf.js,,,,,,,,,,,,,,,,,,,,,,,,,,,,,,,,,,,,,,,,,,,,,,,,,,,,,,,,
,Add live realtime data,,,,,,,,,,,,,,,,,,,,,,,,,,,,,,,,,,,,,,,,,,,,,,,,,,,,,,,,
,Add a WMS source,,,,,,,,,,,,,,,,,,,,,,,,,,,,,,,,,,,,,,,,,,,,,,,,,,,,,,,,
,Ischrone time slider,,,,,,,,,,,,,,,,,,,,,,,,,,,,,,,,,,,,,,,,,,,,,,,,,,,,,,,,
,Location camera options,,,,,,,,,,,,,,,,,,,,,,,,,,,,,,,,,,,,,,,,,,,,,,,,,,,,,,,,
,TIFF,,,,,,,,,,,,,,,,,,,,,,,,,,,,,,,,,,,,,,,,,,,,,,,,,,,,,,,,
,Blank or missing map tiles,Style ID,Tileset ID,Your access token is invalid,Your invoice is unpaid,Your map is hidden,Mapbox GL JS,Mapbox.js,WebGL is not supported,,,,,,,,,,,,,,,,,,,,,,,,,,,,,,,,,,,,,,,,,,,,,,,,
,Gestures,Gradle,Standalone usage,Mutually-exclusive gestures,Thresholds,Velocity,Enable/disable and interrupt,Detectors,StandardGestureDetector,StandardScaleGestureDetector,MultiFingerTapGestureDetector,RotateGestureDetector,ShoveGestureDetector,MoveGestureDetector,SidewaysShoveGesturesDetector,Usage with the Maps SDK,Custom AndroidGesturesManager,,,,,,,,,,,,,,,,,,,,Kotlin,,,,,,,,,,,,,,,,,,,,
,Animate a line,,,,,,,,,,,,,,,,,,,,,,,,,,,,,,,,,,,,,,,,,,,,,,,,,,,,,,,,
,Events,Convert from screen pixel,Camera change events,On fling & on move events,Marker and info window events,Map change events,,,,,,,,,,,,,,,,,,,,,,,,,,,,,,,Kotlin,,,,,,,,,,,,,,,,,,,,
,Web applications,Mapbox GL JS,Client-side rendering,The camera,Layers,Mapbox GL JS and Mapbox GL Native,Mapbox.js,Creating a web app,Adding layers to the map,Asynchronous,Specifying a source,Specifying layout and paint properties,Add a map to the page,Add and style custom data,Extend your web app with plugins,Use Mapbox GL JS with React,,,,,,,,,,,,,,,,,,,,,,,,,,,,,,,,,,,,,,,,,
,Getting started,,,,,,,,,,,,,,,,,,,,,,,,,,,,,,,,,,,,,,,,,,,,,,,,,,,,,,,,
,Adjust a layer's opacity,,,,,,,,,,,,,,,,,,,,,,,,,,,,,,,,,,,,,,,,,,,,,,,,,,,,,,,,
,Matrix API,,,,,,,,,,,,,,,,,,,,,,,,,,,,,,,,,,,,,,,,,,,,,,,,,,,,,,,,
,Datasets,Downloading and exporting datasets,Manage datasets,Search datasets,Create a new dataset,Menu for each dataset,View details,Export to tileset,Download,Delete,Dataset ID,Dataset editor,Manage features,Map canvas,Toolbar,Search places,Search dataset,,Background style,Reference tileset,History,Help,Dataset information page,Connected tilesets,Menu items,Dataset characteristics,Edit dataset,,,,,,,,,,,,,,,,,,,,,,,,,,,,,,
,Restrict map panning to an area,,,,,,,,,,,,,,,,,,,,,,,,,,,,,,,,,,,,Objective-C,,,,,,,,,,,,,,,,,,,,
,Disable scroll zoom,,,,,,,,,,,,,,,,,,,,,,,,,,,,,,,,,,,,,,,,,,,,,,,,,,,,,,,,
,Statistics and usage,Browse by product,Additional metrics,Not set and Other values,CSV Export,Troubleshooting,,,,,,,,,,,,,,,,,,,,,,,,,,,,,,,,,,,,,,,,,,,,,,,,,,,
,Text anchor position,,,,,,,,,,,,,,,,,,,,,,,,,,,,,,,,,,,,,,,,,,,,,,,,,,,,,,,,
,Use an image source,,,,,,,,,,,,,,,,,,,,,,,,,,,,,,,,,,,,,,,,,,,,,,,,,,,,,,,,
,Mobile applications,Client-side rendering,Layers and runtime styling,Layers,Runtime styling,Data-driven styling,Feature querying and interactivity,The camera,Offline maps,Telemetry,Adding Mapbox to your mobile app,Maps,Mapbox web services,Mapbox Navigation SDKs,Hybrid frameworks,Hybrid frameworks using Mapbox JavaScript APIs,Potential problems,,,,,,,,,,,,,,,,,,,,,,,,,,,,,,,,,,,,,,,,
,Tutorials,Interactive tools,,,,,,,,,,,,,,,,,,,,,,,,,,,,,,,,,,,,,,,,,,,,,,,,,,,,,,,
,Data explorer,Buildings,Roads,POIs,,,,,,,,,,,,,,,,,,,,,,,,,,,,,,,,,,,,,,,,,,,,,,,,,,,,,
,expression,,,,,,,,,,,,,,,,,,,,,,,,,,,,,,,,,,,,,,,,,,,,,,,,,,,,,,,,
,Build indoor floorplans with Mapbox,,,,,,,,,,,,,,,,,3,,,,,,,,,,,,,,,,,,,,,,,,,,,,,,,,,,,,,,,
,Measure distances,,,,,,,,,,,,,,,,,,,,,,,,,,,,,,,,,,,,,,,,,,,,,,,,,,,,,,,,
,overzoom,,,,,,,,,,,,,,,,,,,,,,,,,,,,,,,,,,,,,,,,,,,,,,,,,,,,,,,,
,Display map navigation controls,,,,,,,,,,,,,,,,,,,,,,,,,,,,,,,,,,,,,,,,,,,,,,,,,,,,,,,,
,Documentation,Navigation,Search,Studio,Other Documentation,,,,,,,,,,,,,,,,,,,,,,,,,,,,,,,,,,,,,,,,,,,,,,,,,,,,
,,,,,,,,,,,,,,,,,,,,,,,,,,,,,,,,,,,,,,,,,,,,,,,,,,,,,,,,,
,Examples,Styles,Layers,Sources,User interaction,Camera,Controls and overlays,Geocoder,Browser support,Internationalization support,,,,,,,,,,,,,,,,,,,,,,,,,,,,,,,,,,,,,,,,,,,,,,,
,"Add points to a web map, part 3: add interactivity",Get ready to write code,Create an HTML file,Initialize your map,Add popups,Add more code,Final product,Next steps,,,,,,,,,,1,,,,,,,,,,,,,,,,,,,,,,,,,,,,,,,,,,,,,,,
,Getting started,Dynamic styling,User interaction,Map styles,3D,Lines and polygons,Offline,,,,,,,,,,,,,,,,,,,,,,,,,,,,,,,,,,,,,,,,,,,,,,,,,,
,"Add points to a web map, Part 1: create a dataset",Upload a new dataset,Create a dataset,About datasets,Draw data,Draw a new feature,Export the dataset as a tileset,Create a tileset,About tilesets,Next steps,,,,,,,,1,,,,,,,,,,,,,,,,,,,,,,,,,,,,,,,,,,,,,,,
,Upgrade Atlas,Clean out old data,Upgrade using the Installer Wizard,Manual upgrade,To upgrade to a new version of Atlas,Upgrade Atlas images and tilesets,Upgrade from development to production tilesets,Upgrade from development to production geocoding data,Upgrade to a specific version of Atlas,,,,,,,,,,,,,,,,,,,,,,,,,,,,,,,,,,,,,,,,,,,,,,,,
,5c6adb81d3b68758d0c5c15a,map ID,,,,,,,,,,,,,,,,,,,,,,,,,,,,,,,,,,,,,,,,,,,,,,,,,,,,,,,
,5c6adb81d3b68758d0c5c15a,Settings and account management,Change your username,Delete your account,Password,Change your password,Reset your password,Security,Two-factor authentication,Enable two-factor authentication,Use a recovery code to access your account without your two-factor device,Regain access after losing your recovery code,GDPR compliance,,,,,,,,,,,,,,,,,,,,,,,,,,,,,,,,,,,,,,,,,,,,
,5c6adb81d3b68758d0c5c15a,Convert units,,,,,,,,,,,,,,,,,,,,,,,,,,,,,,,,,,,,,,,,,,,,,,,,,,,,,,,
,5c6adb81d3b68758d0c5c15a,Map camera,Update the camera position,Custom camera engine,,,,,,,,,,,,,,,,,,,,,,,,,,,,,,,,,,,,,,,,,,,,,,,,,,,,,
,5c6adb81d3b68758d0c5c15a,Add a third party vector tile source,,,,,,,,,,,,,,,,,,,,,,,,,,,,,,,,,,,,,,,,,,,,,,,,,,,,,,,
,5c6adb81d3b68758d0c5c15a,Annotation,Initialize the plugin,Manager,Options,,,,,,,,,,,,,,,,,,,,,,,,,,,,,,,,,,,,,,,,,,,,,,,,,,,,
,5c6adb81d3b68758d0c5c15a,Directions to selected location,,,,,,,,,,,,,,,,,,,,,,,,,,,,,,,,,,,,,,,,,,,,,,,,,,,,,,,
,5c6adb81d3b68758d0c5c15a,zoom extent,,,,,,,,,,,,,,,,,,,,,,,,,,,,,,,,,,,,,,,,,,,,,,,,,,,,,,,
,5c6adb81d3b68758d0c5c15a,Show drawn polygon area,,,,,,,,,,,,,,,,,,,,,,,,,,,,,,,,,,,,,,,,,,,,,,,,,,,,,,,
,5c6adb81d3b68758d0c5c15a,Fit camera in bounding box,,,,,,,,,,,,,,,,,,,,,,,,,,,,,,,,,,,,,,,,,,,,,,,,,,,,,,,
,5c6adb81d3b68758d0c5c15a,Show changes over time with Mapbox GL JS,Create an HTML file,Initialize the map,Load your data,Add a layer,Create a legend,Add a time slider,Add a map filter,Create a slider bar,Add interactivity,Filter by day of the week,Create a radio button group,Combine the filters,Combining filters,Finished product,Next steps,3,,,,,,,,,,,,,,,,,,,,,,,,,,,,,,,,,,,,,,,
,5c6adb81d3b68758d0c5c15a,annotation,,,,,,,,,,,,,,,,,,,,,,,,,,,,,,,,,,,,,,,,,,,,,,,,,,,,,,,
,5c6adb81d3b68758d0c5c15a,Display a map,,,,,,,,,,,,,,,,,,,,,,,,,,,,,,,,,,,,,,,,,,,,,,,,,,,,,,,
,5c6adb81d3b68758d0c5c15a,Prototype apps with Mapbox in Framer X,Use the Mapbox component,Add your Mapbox access token,Change the map style,Update the map location,Add the search bar,Use the SequentialLocationMap component,Set the map location,Use the MarkerMap component,Set the marker locations,Connect the frames,Finished product,Next steps,,,,1,,,,,,,,,,,,,,,,,,,,,,,,,,,,,,,,,,,,,,,
,5c6adb81d3b68758d0c5c15a,Adjust light location and color,,,,,,,,,,,,,,,,,,,,,,,,,,,,,,,,,,,,,,,,,,,,,,,,,,,,,,,
,5c6adb81d3b68758d0c5c15a,Use images to cluster point data,,,,,,,,,,,,,,,,,,,,,,,,,,,,,,,,,,,,,,,,,,,,,,,,,,,,,,,
,5c6adb81d3b68758d0c5c15a,Interacting with the map,,,,,,,,,,,,,,,,,,,,,,,,,,,,,,,,,,,,,,,,,,,,,,,,,,,,,,,
,5c6adb81d3b68758d0c5c15a,Data,Web apps,,,,,,,,,,,,,,,,,,,,,,,,,,,,,,,,,,,,,,,,,,,,,,,,,,,,,,
,5c6adb81d3b68758d0c5c15a,Data flow and Visualization details,Clustering,Grids,Voronoi,Data elevation,,,,,,,,,,,,,,,,,,,,,,,,,,,,,,,,,,,,,,,,,,,,,,,,,,,
,5c6adb81d3b68758d0c5c15a,Map design,,,,,,,,,,,,,,,,,,,,,,,,,,,,,,,,,,,,,,,,,,,,,,,,,,,,,,,
,5c6adb81d3b68758d0c5c15a,Variable label placement,,,,,,,,,,,,,,,,,,,,,,,,,,,,,,,,,,,,,,,,,,,,,,,,,,,,,,,
,5c6adb81d3b68758d0c5c15a,Location-based game,Benefits and limitations,,,,,,,,,,,,,,,,,,,,,,,,,,,,,,,,,,,,,,,,,,,,,,,,,,,,,,
,5c6adb81d3b68758d0c5c15a,Mapbox GL JS,Mapbox CSS,,,,,,,,,,,,,,,,,,,,,,,,,,,,,,,,,,,,,,,,,,,,,,,,,,,,,,
,5c6adb81d3b68758d0c5c15a,Data format,Typical data file,Typical file S3 naming schema,Typical file contents,Find a specific time in the Typical file,Data considerations for the Typical file,Typical file size,Live data file,Live file S3 naming schema,Live file contents,Data considerations for the Live file,Live file size,,,,,,,,,,,,,,,,,,,,,,,,,,,,,,,,,,,,,,,,,,,,
,5c6adb81d3b68758d0c5c15a,Accounts service,Token metadata object,Example token metadata object,List tokens,Example request: List tokens,Response: List tokens,Example response: List tokens,Create a token,Available token scopes,Example request: Create a token,Response: Create a token,Example response: Create a token,Create a temporary token,Example request: Create a temporary token,Example request body: Create a temporary token,Response: Create a temporary token,,Example response: Create a temporary token,Update a token,Example request: Update a token,Response: Update a token,Example response: Update a token,Delete a token,Example request: Delete a token,Response: Delete a token,Retrieve a token,Example request: Retrieve a token,Response: Retrieve a token,Example response: Retrieve a token,List scopes,Example request: List scopes,Response: List scopes,Example response (truncated): List scopes,Tokens API errors,Tokens API restrictions and limits,,,,,,,,,,,,,,,,,,,,,
,5c6adb81d3b68758d0c5c15a,Map Matching,,,,,,,,,,,,,,,,,,,,,,,,,,,,,,,,,,,,,,,,,,,,,,,,,,,,,,,
,5c6adb81d3b68758d0c5c15a,Map features,Buildings,Filters,Modeling,Texturing,Behavior modifiers,,,,,,,,,,,,,,,,,,,,,,,,,,,,,,,,,,,,,,,,,,,,,,,,,,
,5c6adb81d3b68758d0c5c15a,Analyze data with Turf.js and Mapbox.js,Initialize a map,Load data,Add interactivity,Use Turf,Add finishing touches,Finished product,Next steps,,,,,,,,,2,,,,,,,,,,,,,,,,,,,,,,,,,,,,,,,,,,,,,,,
,5c6adb81d3b68758d0c5c15a,Create a static map snapshot,,,,,,,,,,,,,,,,,,,,,,,,,,,,,,,,,,,,,,,,,,,,,,,,,,,,,,,
,5c6adb81d3b68758d0c5c15a,Display buildings in 3D,,,,,,,,,,,,,,,,,,,,,,,,,,,,,,,,,,,,,,,,,,,,,,,,,,,,,,,
,5c6adb81d3b68758d0c5c15a,Reroute,,,,,,,,,,,,,,,,,,,,,,,,,,,,,,,,,,,,,,,,,,,,,,,,,,,,,,,
,5c6adb81d3b68758d0c5c15a,Platform Support,Global Elevation Data,Directions,Traffic,Tile Error Callbacks,,,,,,,,,,,,,,,,,,,,,,,,,,,,,,,,,,,,,,,,,,,,,,,,,,,
,5c6adb81d3b68758d0c5c15a,Mapbox Maps SDK for Unity,,,,,,,,,,,,,,,,,,,,,,,,,,,,,,,,,,,,,,,,,,,,,,,,,,,,,,,
,5c6adb81d3b68758d0c5c15a,Download an offline map,,,,,,,,,,,,,,,,,,,,,,,,,,,,,,,,,,,,,,,,,,,,,,,,,,,,,,,
,5c6adb81d3b68758d0c5c15a,Astronaut game,Traffic,,,,,,,,,,,,,,,,,,,,,,,,,,,,,,,,,,,,,,,,,,,,,,,,,,,,,,
,5c6adb81d3b68758d0c5c15a,Maps SDK for Android,2. Get an access token,3. Setup permissions,4. Add a map,5. Lifecycle methods,Attribution,Telemetry opt out,MapView XML attributes,,,,,,,,,,,,,,,,,,,,,,,,,,,,,,,,,,,,,,,,,,,,,,,,
,5c6adb81d3b68758d0c5c15a,Safety alerts,Vehicle speed,Alert drivers of pedestrians and cyclists,Related resources,,,,,,,,,,,,,,,,,,,,,,,,,,,,,,,,,,,,,,,,,,,,,,,,,,,,
,5c6adb81d3b68758d0c5c15a,Map texturing,MapboxStyles materials,Scriptable Palettes,,,,,,,,,,,,,,,,,,,,,,,,,,,,,,,,,,,,,,,,,,,,,,,,,,,,,
,5c6adb81d3b68758d0c5c15a,Understanding iOS framework size,Bitcode,Application updates,Debug symbols,Dynamic versus static frameworks,Reducing the size of your app,,,,,,,,,,,,,,,,,,,,,,,,,,,,,,,,,,,,,,,,,,,,,,,,,,
,5c6adb81d3b68758d0c5c15a,Getting started,Create your first visualization,,,,,,,,,,,,,,,,,,,,,,,,,,,,,,,,,,,,,,,,,,,,,,,,,,,,,,
,5c6adb81d3b68758d0c5c15a,Mapbox Maps SDK for iOS,,,,,,,,,,,,,,,,,,,,,,,,,,,,,,,,,,,,,,,,,,,,,,,,,,,,,,,
,5c6adb81d3b68758d0c5c15a,baselayer,,,,,,,,,,,,,,,,,,,,,,,,,,,,,,,,,,,,,,,,,,,,,,,,,,,,,,,
,5c6adb81d3b68758d0c5c15a,Android Core library,ConnectivityReceiver,ConnectivityListener,PermissionsManager,PermissionsListener,LocationEngine,Requesting location updates,,,,,,,,,,,,,,,,,,,,,,,,,,,,,,,,,,,,,,,,,,,,,,,,,
,5c6adb81d3b68758d0c5c15a,attribution,,,,,,,,,,,,,,,,,,,,,,,,,,,,,,,,,,,,,,,,,,,,,,,,,,,,,,,
,5c6adb81d3b68758d0c5c15a,Troubleshooting App Store submission with the Mapbox Maps SDK for iOS,,,,,,,,,,,,,,,,,,,,,,,,,,,,,,,,,,,,,,,,,,,,,,,,,,,,,,,
,5c6adb81d3b68758d0c5c15a,Map and app styling,Create a new Style class,,,,,,,,,,,,,,,,,,,,,,,,,,,,,,,,,,,,,,,,,,,,,,,,,,,,,,
,5c6adb81d3b68758d0c5c15a,Add a video,,,,,,,,,,,,,,,,,,,,,,,,,,,,,,,,,,,,,,,,,,,,,,,,,,,,,,,
,5c6adb81d3b68758d0c5c15a,Add a custom style layer,,,,,,,,,,,,,,,,,,,,,,,,,,,,,,,,,,,,,,,,,,,,,,,,,,,,,,,
,5c6adb81d3b68758d0c5c15a,Vision SDK for iOSBetaThis feature is in public beta and is subject to potential changes.,Core logic,Requirements,Getting started,Download and install the SDK,SDK configuration,Set your Mapbox access token,Configure permissions,Set up the ViewController,Device setup,Testing and development,Conditions,,,,,,,,,,,,,,,,,,,,,,,,,,,,,,,,,,,,,,,,,,,,
,5c6adb81d3b68758d0c5c15a,GPX,,,,,,,,,,,,,,,,,,,,,,,,,,,,,,,,,,,,,,,,,,,,,,,,,,,,,,,
,5c6adb81d3b68758d0c5c15a,Vector Tiles API,,,,,,,,,,,,,,,,,,,,,,,,,,,,,,,,,,,,,,,,,,,,,,,,,,,,,,,
,5c6adb81d3b68758d0c5c15a,Make a geocode request,,,,,,,,,,,,,,,,,,,,,,,,,,,,,,,,,,,,,,,,,,,,,,,,,,,,,,,
,5c6adb81d3b68758d0c5c15a,Browser support,Mapbox.com,Mapbox.js,,,,,,,,,,,,,,,,,,,,,,,,,,,,,,,,,,,,,,,,,,,,,,,,,,,,,
,5c6adb81d3b68758d0c5c15a,Add an animated icon to the map,,,,,,,,,,,,,,,,,,,,,,,,,,,,,,,,,,,,,,,,,,,,,,,,,,,,,,,
,5c6adb81d3b68758d0c5c15a,Mark a place on the map with an image,,,,,,,,,,,,,,,,,,,,,,,,,,,,,,,,,,,,,,,,,,,,,,,,,,,,,,,
,5c6adb81d3b68758d0c5c15a,Tabletop AR,Running in the editor,Running on a device,,,,,,,,,,,,,,,,,,,,,,,,,,,,,,,,,,,,,,,,,,,,,,,,,,,,,
,5c6adb81d3b68758d0c5c15a,tileset ID,,,,,,,,,,,,,,,,,,,,,,,,,,,,,,,,,,,,,,,,,,,,,,,,,,,,,,,
,5c6adb81d3b68758d0c5c15a,Add a custom icon,,,,,,,,,,,,,,,,,,,,,,,,,,,,,,,,,,,,,,,,,,,,,,,,,,,,,,,
,5c6adb81d3b68758d0c5c15a,Opacity fade,,,,,,,,,,,,,,,,,,,,,,,,,,,,,,,,,,,,,,,,,,,,,,,,,,,,,,,
,5c6adb81d3b68758d0c5c15a,Style circles categorically,,,,,,,,,,,,,,,,,,,,,,,,,,,,,,,,,,,,,,,,,,,,,,,,,,,,,,,
,5c6adb81d3b68758d0c5c15a,Transition from Mapbox.js to Mapbox GL JS,Mapbox.js,Mapbox GL JS,Add a marker,Add a layer,Transferable resources,Learn more about using Mapbox GL JS,,,,,,,,,,,,,,,,,,,,,,,,,,,,,,,,,,,,,,,,,,,,,,,,,
,5c6adb81d3b68758d0c5c15a,Improve the performance of Mapbox GL JS maps,Source update time,Layer update time,Strategies for improving performance,Combine layers,Use vector tileset sources,Combine vector tile sources,Remove unused features,Optimize expressions,Filter by zoom levels,Reduce the number of filters,Make sure expressions do not produce errors,Order filter conditions from more specific to less specific,Simplify expressions,Style denser features first,Use a separate GeoJSON source for data that needs to be updated rapidly,,Use feature state,Similar layers,,,,,,,,,,,,,,,,,,,,,,,,,,,,,,,,,,,,,
,5c6adb81d3b68758d0c5c15a,Route progress,,,,,,,,,,,,,,,,,,,,,,,,,,,,,,,,,,,,,,,,,,,,,,,,,,,,,,,
,5c6adb81d3b68758d0c5c15a,Create a custom style,Customize your style,The style editor,Style background and water layers,Style the water layer,Style the background layer by zoom level,Style the landuse and national park layers,Update fonts,Style labels,Style buildings,Publish,Finished product,Next steps,,,,1,,,,,,,,,,,,,,,,,,,,,,,,,,,,,,,,,,,,,,,
,5c6adb81d3b68758d0c5c15a,map view,,,,,,,,,,,,,,,,,,,,,,,,,,,,,,,,,,,,,,,,,,,,,,,,,,,,,,,
,5c6adb81d3b68758d0c5c15a,Get features under the mouse pointer,,,,,,,,,,,,,,,,,,,,,,,,,,,,,,,,,,,,,,,,,,,,,,,,,,,,,,,
,5c6adb81d3b68758d0c5c15a,layer,,,,,,,,,,,,,,,,,,,,,,,,,,,,,,,,,,,,,,,,,,,,,,,,,,,,,,,
,5c6adb81d3b68758d0c5c15a,Custom voice controller,,,,,,,,,,,,,,,,,,,,,,,,,,,,,,,,,,,,,,,,,,,,,,,,,,,,,,,
,5c6adb81d3b68758d0c5c15a,Create a timezone finder with Mapbox Tilequery API,Build the API request,Parameters,Access token,Review the response,Add the API request to the app,Include Tilequery API,Add interactivity,Display messages,Finished product,Next steps,,,,,,2,,,,,,,,,,,,,,,,,,,,,,,,,,,,,,,,,,,,,,,
,5c6adb81d3b68758d0c5c15a,Make a heatmap with Mapbox GL JS,Heatmap paint properties,Create your map using Mapbox GL JS,Add your data,Add the heatmap layer,Add the circle layer,Add some additional interactivity,Finished product,,,,,,,,,2,,,,,,,,,,,,,,,,,,,,,,,,,,,,,,,,,,,,,,,
,5c6adb81d3b68758d0c5c15a,Draw a GeoJSON line,,,,,,,,,,,,,,,,,,,,,,,,,,,,,,,,,,,,,,,,,,,,,,,,,,,,,,,
,5c6adb81d3b68758d0c5c15a,Tilequery API playground,,,,,,,,,,,,,,,,,,,,,,,,,,,,,,,,,,,,,,,,,,,,,,,,,,,,,,,
,5c6adb81d3b68758d0c5c15a,GeoJSON,,,,,,,,,,,,,,,,,,,,,,,,,,,,,,,,,,,,,,,,,,,,,,,,,,,,,,,
,5c6adb81d3b68758d0c5c15a,"Add points to a web map, part 2: create a style",Create a new style,Create a new layer,Style a layer,Style as a symbol layer,Publish a style,Share,Next Steps,,,,,,,,,1,,,,,,,,,,,,,,,,,,,,,,,,,,,,,,,,,,,,,,,
,5c6adb81d3b68758d0c5c15a,Maps SDK for React Native,,,,,,,,,,,,,,,,,,,,,,,,,,,,,,,,,,,,,,,,,,,,,,,,,,,,,,,
,5c6adb81d3b68758d0c5c15a,Slowly fly to a location,,,,,,,,,,,,,,,,,,,,,,,,,,,,,,,,,,,,,,,,,,,,,,,,,,,,,,,
,5c6adb81d3b68758d0c5c15a,telemetry,,,,,,,,,,,,,,,,,,,,,,,,,,,,,,,,,,,,,,,,,,,,,,,,,,,,,,,
,5c6adb81d3b68758d0c5c15a,Change building color based on zoom level,,,,,,,,,,,,,,,,,,,,,,,,,,,,,,,,,,,,,,,,,,,,,,,,,,,,,,,
,5c6adb81d3b68758d0c5c15a,Getting started,,,,,,,,,,,,,,,,,,,,,,,,,,,,,,,,,,,,,,,,,,,,,,,,,,,,,,,
,5c6adb81d3b68758d0c5c15a,Toggle interactions,,,,,,,,,,,,,,,,,,,,,,,,,,,,,,,,,,,,,,,,,,,,,,,,,,,,,,,
,5c6adb81d3b68758d0c5c15a,Display real-time traffic,,,,,,,,,,,,,,,,,,,,,,,,,,,,,,,,,,,,,,,,,,,,,,,,,,,,,,,
,5c6adb81d3b68758d0c5c15a,Global location search,,,,,,,,,,,,,,,,,,,,,,,,,,,,,,,,,,,,,,,,,,,,,,,,,,,,,,,
,5c6adb81d3b68758d0c5c15a,Migrating to v1.4,Tile provider setup,MapVisualizer setup,API changes,,,,,,,,,,,,,,,,,,,,,,,,,,,,,,,,,,,,,,,,,,,,,,,,,,,,
,5c6adb81d3b68758d0c5c15a,Add an image,,,,,,,,,,,,,,,,,,,,,,,,,,,,,,,,,,,,,,,,,,,,,,,,,,,,,,,
,5c6adb81d3b68758d0c5c15a,Custom destination marker,,,,,,,,,,,,,,,,,,,,,,,,,,,,,,,,,,,,,,,,,,,,,,,,,,,,,,,
,5c6adb81d3b68758d0c5c15a,Manage large data files for Mapbox Studio with Tippecanoe,Reducing the size of a large data file,Converting GeoJSON to vector tiles,Next steps,,,,,,,,,,,,,,,,,,,,,,,,,,,,,,,,,,,,,,,,,,,,,,,,,,,,
,5c6adb81d3b68758d0c5c15a,Data-driven circles,,,,,,,,,,,,,,,,,,,,,,,,,,,,,,,,,,,,,,,,,,,,,,,,,,,,,,,
,5c6adb81d3b68758d0c5c15a,Route generation,Include multiple stops,More about route generation,,,,,,,,,,,,,,,,,,,,,,,,,,,,,,,,,,,,,,,,,,,,,,,,,,,,,
,5c6adb81d3b68758d0c5c15a,World-scale AR,Running in the editor,,,,,,,,,,,,,,,,,,,,,,,,,,,,,,,,,,,,,,,,,,,,,,,,,,,,,,
,5c6adb81d3b68758d0c5c15a,Examples,Sample OpenLR file,,,,,,,,,,,,,,,,,,,,,,,,,,,,,,,,,,,,,,,,,,,,,,,,,,,,,,
,5c6adb81d3b68758d0c5c15a,Sort stores by distance,Add Mapbox GL geocoder plugin and Turf.js,Add geocoder control,Add point on search,Sort store list by distance,Find distance from all locations,Fit bounds to search result and closest store,Finished product,Next steps,,,,,,,,3,,,,,,,,,,,,,,,,,,,,,,,,,,,,,,,,,,,,,,,
,5c6adb81d3b68758d0c5c15a,Style lines with a data-driven property,,,,,,,,,,,,,,,,,,,,,,,,,,,,,,,,,,,,,,,,,,,,,,,,,,,,,,,
,5c6adb81d3b68758d0c5c15a,Use custom Mapbox styles in Tableau,Use background maps in Tableau Desktop,Show or hide layers in a custom Mapbox map,,,,,,,,,,,,,,,,,,,,,,,,,,,,,,,,,,,,,,,,,,,,,,,,,,,,,
,5c6adb81d3b68758d0c5c15a,Center the map on a clicked symbol,,,,,,,,,,,,,,,,,,,,,,,,,,,,,,,,,,,,,,,,,,,,,,,,,,,,,,,
,5c6adb81d3b68758d0c5c15a,monthly active users,,,,,,,,,,,,,,,,,,,,,,,,,,,,,,,,,,,,,,,,,,,,,,,,,,,,,,,
,5c6adb81d3b68758d0c5c15a,Traffic,Add traffic,Traffic colors,,,,,,,,,,,,,,,,,,,,,,,,,,,,,,,,,,,,,,,,,,,,,,,,,,,,,
,5c6adb81d3b68758d0c5c15a,Add annotation views and images,,,,,,,,,,,,,,,,,,,,,,,,,,,,,,,,,,,,,,,,,,,,,,,,,,,,,,,
,5c6adb81d3b68758d0c5c15a,Datasets API,,,,,,,,,,,,,,,,,,,,,,,,,,,,,,,,,,,,,,,,,,,,,,,,,,,,,,,
,5c6adb81d3b68758d0c5c15a,Data time lapse,,,,,,,,,,,,,,,,,,,,,,,,,,,,,,,,,,,,,,,,,,,,,,,,,,,,,,,
,Add a new layer below labels,,,,,,,,,,,,,,,,,,,,,,,,,,,,,,,,,,,,,,,,,,,,,,,,,,,,,,,,
,dataset ID,,,,,,,,,,,,,,,,,,,,,,,,,,,,,,,,,,,,,,,,,,,,,,,,,,,,,,,,
,Replace features,ReplaceFeatureModifier overview,Replace a building with a 3D model,,,,,,,,,,,,,,,,,,,,,,,,,,,,,,,,,,,,,,,,,,,,,,,,,,,,,,
,Tilequery,Query response,,Kotlin,,,,,,,,,,,,,,,,,,,,,,,,,,,,,,,,,,,,,,,,,,,,,,,,,,,,,
,Add a line style layer from GeoJSON,,,Objective-C,,,,,,,,,,,,,,,,,,,,,,,,,,,,,,,,,,,,,,,,,,,,,,,,,,,,,
,Display 3D building height based on vector data,,,,,,,,,,,,,,,,,,,,,,,,,,,,,,,,,,,,,,,,,,,,,,,,,,,,,,,,
,Navigation Map Route,,,,,,,,,,,,,,,,,,,,,,,,,,,,,,,,,,,,,,,,,,,,,,,,,,,,,,,,
,Satellite styles,,,Objective-C,,,,,,,,,,,,,,,,,,,,,,,,,,,,,,,,,,,,,,,,,,,,,,,,,,,,,
,Mapbox.js,,,,,,,,,,,,,,,,,,,,,,,,,,,,,,,,,,,,,,,,,,,,,,,,,,,,,,,,
,Circle radius,,,,,,,,,,,,,,,,,,,,,,,,,,,,,,,,,,,,,,,,,,,,,,,,,,,,,,,,
,Speeding alerts,,,Kotlin,,,,,,,,,,,,,,,,,,,,,,,,,,,,,,,,,,,,,,,,,,,,,,,,,,,,,
,Mapbox China plugin for iOS,Installation,CocoaPods,,Carthage,Setting up your project,Change the API endpoint,Mapbox China styles,Using the Mapbox China Plugin,Add the plugin,Shift coordinates,Questions?,,,,,,,,,,,,,,,,,,,,,,,,,,,,,,,,,,,,,,,,,,,,,
,Vector tiles,Benefits of vector tiles,Open standard,,,,,,,,,,,,,,,,,,,,,,,,,,,,,,,,,,,,,,,,,,,,,,,,,,,,,,
,Geospatial data,Uploading data you can edit (datasets),Uploading data to add to a map (tilesets),,Preparing your data for upload,Uploading using the Uploads API,Accepted file types and transfer limits,Zoom levels and simplification,More about tilesets,More about datasets,Troubleshooting common upload errors,,,,,,,,,,,,,,,,,,,,,,,,,,,,,,,,,,,,,,,,,,,,,,
,CartoCSS,,,,,,,,,,,,,,,,,,,,,,,,,,,,,,,,,,,,,,,,,,,,,,,,,,,,,,,,
,Custom destination marker,,,,,,,,,,,,,,,,,,,,,,,,,,,,,,,,,,,,,,,,,,,,,,,,,,,,,,,,
,Manage large data files for Mapbox Studio with Tippecanoe,Getting started,Reducing the size of a large data file,,Converting GeoJSON to vector tiles,Next steps,,,,,,,,,,,,,,,,,,,,,,,,,,,,,,,,,,,,,,,,,,,,,,,,,,,
,Data-driven circles,,,Objective-C,,,,,,,,,,,,,,,,,,,,,,,,,,,,,,,,,,,,,,,,,,,,,,,,,,,,,
,Route generation,Specify a side of the road to approach,Include multiple stops,Kotlin,More about route generation,,,,,,,,,,,,,,,,,,,,,,,,,,,,,,,,,,,,,,,,,,,,,,,,,,,,
,World-scale AR,Getting started,Running in the editor,,,,,,,,,,,,,,,,,,,,,,,,,,,,,,,,,,,,,,,,,,,,,,,,,,,,,,
,Examples,Represent one point in time,Sample OpenLR file,,,,,,,,,,,,,,,,,,,,,,,,,,,,,,,,,,,,,,,,,,,,,,,,,,,,,,
,Sort stores by distance,Add plugins and initialize the map,Add Mapbox GL geocoder plugin and Turf.js,,Add geocoder control,Add point on search,Sort store list by distance,Find distance from all locations,Fit bounds to search result and closest store,Finished product,Next steps,,3,,,,,,,,,,,,,,,,,,,,,,,,,,,,,,,,,,,,,,,,,,,,
,Style lines with a data-driven property,,,,,,,,,,,,,,,,,,,,,,,,,,,,,,,,,,,,,,,,,,,,,,,,,,,,,,,,
,Use custom Mapbox styles in Tableau,Change your background map to a custom Mapbox map,Use background maps in Tableau Desktop,,Show or hide layers in a custom Mapbox map,,,,,,,,,,,,,,,,,,,,,,,,,,,,,,,,,,,,,,,,,,,,,,,,,,,,
,Transparent render surface,,,,,,,,,,,,,,,,,,,,,,,,,,,,,,,,,,,,,,,,,,,,,,,,,,,,,,,,
,Optimization API,,,,,,,,,,,,,,,,,,,,,,,,,,,,,,,,,,,,,,,,,,,,,,,,,,,,,,,,
,Symbol layer info window,,,,,,,,,,,,,,,,,,,,,,,,,,,,,,,,,,,,,,,,,,,,,,,,,,,,,,,,
,Display water depth,,,,,,,,,,,,,,,,,,,,,,,,,,,,,,,,,,,,,,,,,,,,,,,,,,,,,,,,
,Draw a polygon,,,,,,,,,,,,,,,,,,,,,,,,,,,,,,,,,,,,,,,,,,,,,,,,,,,,,,,,
,Location picker,,,,,,,,,,,,,,,,,,,,,,,,,,,,,,,,,,,,,,,,,,,,,,,,,,,,,,,,
,Center the map on a clicked symbol,,,,,,,,,,,,,,,,,,,,,,,,,,,,,,,,,,,,,,,,,,,,,,,,,,,,,,,,
,monthly active users,,,,,,,,,,,,,,,,,,,,,,,,,,,,,,,,,,,,,,,,,,,,,,,,,,,,,,,,
,Traffic,Add the dependency,Add traffic,Kotlin,Traffic colors,,,,,,,,,,,,,,,,,,,,,,,,,,,,,,,,,,,,,,,,,,,,,,,,,,,,
,Add annotation views and images,,,Objective-C,,,,,,,,,,,,,,,,,,,,,,,,,,,,,,,,,,,,,,,,,,,,,,,,,,,,,
,Datasets API,,,,,,,,,,,,,,,,,,,,,,,,,,,,,,,,,,,,,,,,,,,,,,,,,,,,,,,,
,Data time lapse,,,,,,,,,,,,,,,,,,,,,,,,,,,,,,,,,,,,,,,,,,,,,,,,,,,,,,,,
,Change a layer's color,,,,,,,,,,,,,,,,,,,,,,,,,,,,,,,,,,,,,,,,,,,,,,,,,,,,,,,,
,Fit to the bounds of a LineString,,,,,,,,,,,,,,,,,,,,,,,,,,,,,,,,,,,,,,,,,,,,,,,,,,,,,,,,
,Add 3D buildings to a Mapbox Studio style,Create a new style,Edit the building layer,,Adjust the layer's style settings,Set the height property,Set the base height property,Make the layer more prominent,Change the building color,Change the camera pitch,Adjust the style's lighting,Publish the style,1,Finished product,Next steps,,,,,,,,,,,,,,,,,,,,,,,,,,,,,,,,,,,,,,,,,,
,Add a GeoJSON polygon,,,,,,,,,,,,,,,,,,,,,,,,,,,,,,,,,,,,,,,,,,,,,,,,,,,,,,,,
,Locate the user,,,,,,,,,,,,,,,,,,,,,,,,,,,,,,,,,,,,,,,,,,,,,,,,,,,,,,,,
,Mapbox Terrain v2,Layer Reference,#landcover,,Classes,#hillshade,Levels,#contour,Elevation,Index lines,Changelog,,,,,,,,,,,,,,,,,,,,,,,,,,,,,,,,,,,,,,,,,,,,,,
,Address geocoding format guide,Examples,Format address components consistently,,Use the country parameter,Zip code formatting,Secondary address information,,,,,,,,,,,,,,,,,,,,,,,,,,,,,,,,,,,,,,,,,,,,,,,,,,
,Custom maps,Use custom data,,,,,,,,,,,,,,,,,,,,,,,,,,,,,,,,,,,,,,,,,,,,,,,,,,,,,,,
,Collaboration best practices,"Developers, designers, and consultants","Inheriting an account from a developer, designer, or consultant",,Collaborating on projects,,,,,,,,,,,,,,,,,,,,,,,,,,,,,,,,,,,,,,,,,,,,,,,,,,,,
,Display a non-interactive map,,,,,,,,,,,,,,,,,,,,,,,,,,,,,,,,,,,,,,,,,,,,,,,,,,,,,,,,
,MarkerView,Add the dependency,Initialize the plugin,Kotlin,Adding a marker,Removing a marker,Destroying the manager,,,,,,,,,,,,,,,,,,,,,,,,,,,,,,,,,,,,,,,,,,,,,,,,,,
,Filter features within map view,,,,,,,,,,,,,,,,,,,,,,,,,,,,,,,,,,,,,,,,,,,,,,,,,,,,,,,,
,Maps service,Retrieve vector tiles,Example request: Retrieve vector tiles,,Response: Retrieve vector tiles,Vector Tiles API errors,Vector Tiles API restrictions and limits,Raster Tiles,Retrieve raster tiles,Example request: Retrieve raster tiles,Response: Retrieve raster tiles,Raster Tiles API errors,,Raster Tiles API restrictions and limits,Static Images,Retrieve a static map from a style,Example request: Retrieve a static map from a style,Response: Retrieve a static map from a style,Overlay options,GeoJSON,Marker,Custom marker,Path,Static Images API errors,Static Images API restrictions and limits,Static Tiles,Retrieve raster tiles from styles,Example request: Retrieve raster tiles from styles,Response: Retrieve raster tiles from styles,Static Tiles API errors,Static Tiles API restrictions and limits,Styles,Mapbox styles,The style object,Drafts,Example style object,Retrieve a style,Example request: Retrieve a style,Response: Retrieve a style,Example response: Retrieve a style,List styles,Example request: List styles,Response: List styles,Example response: List styles,Create a style,Example request: Create a style,Example request body: Create a style,Response: Create a style,Example response: Create a style,Update a style,Example request: Update a style,Example request body: Update a style,Response: Update a style,Example response: Update a style,Delete a style,Example request: Delete a style,Response: Delete a style
,Tracking device location for Android,Handle location permissions,Initialize the LocationEngine,,Enable the LocationComponent,Listen to location updates,Finished product,Next steps,,,,,2,,,,,,,,,,,,,,,,,,,,,,,,,,,,,,,,,,,,,,,,,,,,
,CarPlay support in the Navigation SDK,Design your app,User activities to consider,,Browsing,Previewing,Navigating,Begin your integration,Test your integration,Further resources,,,,,,,,,,,,,,,,,,,,,,,,,,,,,,,,,,,,,,,,,,,,,,,
,bounding box,,,,,,,,,,,,,,,,,,,,,,,,,,,,,,,,,,,,,,,,,,,,,,,,,,,,,,,,
,City simulator,Add a custom feature,,,,,,,,,,,,,,,,,,,,,,,,,,,,,,,,,,,,,,,,,,,,,,,,,,,,,,,
,Maneuver instructions,BannerInstructionMilestone,VoiceInstructionMilestone,Kotlin,Navigation UI SDK,Instruction triggers,BannerInstructionsListener,SpeechAnnouncementListener,Instruction styling,Milestone event listener,Custom instructions,Load banner instructions into a TextView,,Listen for the start or stop of a navigation session,Custom milestones,Trigger conditions,Trigger properties,,,,,,,,,,,,,,,,,,,,,,,,,,,,,,,,,,,,,,,,
,Rotate and tilt with 3D buildings,,,,,,,,,,,,,,,,,,,,,,,,,,,,,,,,,,,,,,,,,,,,,,,,,,,,,,,,
,Use a custom render function with a geocoder,,,,,,,,,,,,,,,,,,,,,,,,,,,,,,,,,,,,,,,,,,,,,,,,,,,,,,,,
,,,,,,,,,,,,,,,,,,,,,,,,,,,,,,,,,,,,,,,,,,,,,,,,,,,,,,,,,
,,,,,,,,,,,,,,,,,,,,,,,,,,,,,,,,,,,,,,,,,,,,,,,,,,,,,,,,,
,,,,,,,,,,,,,,,,,,,,,,,,,,,,,,,,,,,,,,,,,,,,,,,,,,,,,,,,,
,,,,,,,,,,,,,,,,,,,,,,,,,,,,,,,,,,,,,,,,,,,,,,,,,,,,,,,,,
,OpenStreetMap,,,,,,,,,,,,,,,,,,,,,,,,,,,,,,,,,,,,,,,,,,,,,,,,,,,,,,,,
,Feature count,,,,,,,,,,,,,,,,,,,,,,,,,,,,,,,,,,,,,,,,,,,,,,,,,,,,,,,,
,Display a satellite map,,,,,,,,,,,,,,,,,,,,,,,,,,,,,,,,,,,,,,,,,,,,,,,,,,,,,,,,
,Source limits in Mapbox Studio styles,Reduce the number of sources,Combine sources outside Mapbox Studio,,Style combined sources,Make sure source compositing is on,,,,,,,,,,,,,,,,,,,,,,,,,,,,,,,,,,,,,,,,,,,,,,,,,,,
,Location,Add the dependency,Setup permissions,Kotlin,Lifecycles,Add the location layer,Enabling or disabling the LocationLayerPlugin,Showing the user location with RenderMode,Following the device location with CameraMode,Gesture thresholds to dismiss camera tracking,Usage with navigation,Customization,,,,,,,,,,,,,,,,,,,,,,,,,,,,,,,,,,,,,,,,,,,,,
,Join local JSON data with vector tile geometries,,,,,,,,,,,,,,,,,,,,,,,,,,,,,,,,,,,,,,,,,,,,,,,,,,,,,,,,
,Add a vector tile source,,,,,,,,,,,,,,,,,,,,,,,,,,,,,,,,,,,,,,,,,,,,,,,,,,,,,,,,
,Mapbox Atlas,Atlas installer,System requirements,,Tileset size,Enterprise Boundaries Tileset size,Hardware configuration,Connectivity requirements,,,,,,,,,,,,,,,,,,,,,,,,,,,,,,,,,,,,,,,,,,,,,,,,,
,Click on single layer,,,,,,,,,,,,,,,,,,,,,,,,,,,,,,,,,,,,,,,,,,,,,,,,,,,,,,,,
,Offline routing,Offline maps and offline routing,Integrate offline routing in your app,Kotlin,Retrieve the list of available routing tile versions,Example use,Initialize the offline router and download offline routing tiles,Configure MapboxOfflineRouter with offline data,Create an offline DirectionsRoute,Rerouting,Example re-route scenario with MapboxNavigation,Example re-route scenario with NavigationView,,Estimated local storage and memory benchmarks,Local storage,Memory,,,,,,,,,,,,,,,,,,,,,,,,,,,,,,,,,,,,,,,,,
,Apply a style designed in Mapbox Studio,,,Objective-C,,,,,,,,,,,,,,,,,,,,,,,,,,,,,,,,,,,,,,,,,,,,,,,,,,,,,
,Mapbox Streets v5,OpenStreetMap,Name fields,,OpenStreetMap IDs,Boolean fields,Multiple geometry types,Data updates,Layer Reference,#landuse,Classes,#waterway,,Classes and types,#water,#aeroway,Types,#barrier_line,#building,#landuse_overlay,"#tunnel, #road, #bridge",One-way roads,Layers,#admin,Administrative level,Disputes,Maritime boundaries,#country_label_line,#country_label,Names,Scalerank,#marine_label,Labelrank & placement,#state_label,Area,#place_label,Capitals,Localrank,Label direction,#water_label,#poi_label,Maki icons,Type,Controlling label density,Rail station networks,Additional information,#road_label,Route numbers,#waterway_label,Label text,Classes & types,#housenum_label,Changelog,,,,
,RecyclerView interaction,,,,,,,,,,,,,,,,,,,,,,,,,,,,,,,,,,,,,,,,,,,,,,,,,,,,,,,,
,Customize the user location annotation,,,Objective-C,,,,,,,,,,,,,,,,,,,,,,,,,,,,,,,,,,,,,,,,,,,,,,,,,,,,,
,Show polygon information on click,,,,,,,,,,,,,,,,,,,,,,,,,,,,,,,,,,,,,,,,,,,,,,,,,,,,,,,,
,Filter symbols by toggling a list,,,,,,,,,,,,,,,,,,,,,,,,,,,,,,,,,,,,,,,,,,,,,,,,,,,,,,,,
,Animate a line,,,Objective-C,,,,,,,,,,,,,,,,,,,,,,,,,,,,,,,,,,,,,,,,,,,,,,,,,,,,,
,Access tokens,Geocoding,Map design,,Mobile apps,Third party integration,Uploads,Web apps,,,,,,,,,,,,,,,,,,,,,,,,,,,,,,,,,,,,,,,,,,,,,,,,,
,marker,,,,,,,,,,,,,,,,,,,,,,,,,,,,,,,,,,,,,,,,,,,,,,,,,,,,,,,,
,Offline manager,,,,,,,,,,,,,,,,,,,,,,,,,,,,,,,,,,,,,,,,,,,,,,,,,,,,,,,,
,Legacy Atlas,Specifications,Download and install,,License key,Server URL,Adding datasources,Server logs,Install legacy Atlas on AWS,Install via AWS console,Install via CloudFormation template,Suggested instance types,,Notes,Upgrading legacy Atlas,Upgrade a local instance,Upgrade on AWS,Mapbox Studio Classic and legacy Atlas,Connect Mapbox Studio Classic,New source,New style,Naming sources and styles,,,,,,,,,,,,,,,,,,,,,,,,,,,,,,,,,,,
,Traffic and directions,Filters,Modeling,,Behavior modifiers,Directions,,,,,,,,,,,,,,,,,,,,,,,,,,,,,,,,,,,,,,,,,,,,,,,,,,,
,Adjust a layer's opacity,,,,,,,,,,,,,,,,,,,,,,,,,,,,,,,,,,,,,,,,,,,,,,,,,,,,,,,,
,Mapbox Navigation SDK,,,,,,,,,,,,,,,,,,,,,,,,,,,,,,,,,,,,,,,,,,,,,,,,,,,,,,,,
,Mapbox Studio Classic,,,,,,,,,,,,,,,,,,,,,,,,,,,,,,,,,,,,,,,,,,,,,,,,,,,,,,,,
,Mapbox Maps SDK for Android,,,,,,,,,,,,,,,,,,,,,,,,,,,,,,,,,,,,,,,,,,,,,,,,,,,,,,,,
,API,,,,,,,,,,,,,,,,,,,,,,,,,,,,,,,,,,,,,,,,,,,,,,,,,,,,,,,,
,Add a geocoder,,,,,,,,,,,,,,,,,,,,,,,,,,,,,,,,,,,,,,,,,,,,,,,,,,,,,,,,
,Getting started,,,,,,,,,,,,,,,,,,,,,,,,,,,,,,,,,,,,,,,,,,,,,,,,,,,,,,,,
,Testing and development,Device requirements,Video requirements,,Development environment setup,What to expect,Testing with sensor data,Record a session,Replay a session,,,,,,,,,,,,,,,,,,,,,,,,,,,,,,,,,,,,,,,,,,,,,,,,
,Local style or custom raster style,,,,,,,,,,,,,,,,,,,,,,,,,,,,,,,,,,,,,,,,,,,,,,,,,,,,,,,,
,Georeference imagery,Georeference your image in QGIS,Upload to Mapbox as a tileset,,Finished product,Next steps,,,,,,,3,,,,,,,,,,,,,,,,,,,,,,,,,,,,,,,,,,,,,,,,,,,,
,Use Atlas with other Mapbox products,Use Mapbox GL JS with Atlas,Use Mapbox.js with Atlas,,Use mobile and AR SDKs with Atlas,Static examples,,,,,,,,,,,,,,,,,,,,,,,,,,,,,,,,,,,,,,,,,,,,,,,,,,,
,Inconsistencies in statistics and invoices,Deleted access tokens,Filtering MAUs by token,,Other inconsistencies,,,,,,,,,,,,,,,,,,,,,,,,,,,,,,,,,,,,,,,,,,,,,,,,,,,,
,CORS errors,,,,,,,,,,,,,,,,,,,,,,,,,,,,,,,,,,,,,,,,,,,,,,,,,,,,,,,,
,Customize label text for a single label,Create a new style,Use the style editor,,Use expressions to edit specific labels within a layer,Final product,,,,,,,1,,,,,,,,,,,,,,,,,,,,,,,,,,,,,,,,,,,,,,,,,,,,
,Getting started,Data visualization,Extrusions,,Camera,Querying the map,User interaction,Offline,Image generation,Device location,Map style,,,,,,,,,,,,,,,,,,,,,,,,,,,,,,,,,,,,,,,,,,,,,,
,Style with missing icon,,,,,,,,,,,,,,,,,,,,,,,,,,,,,,,,,,,,,,,,,,,,,,,,,,,,,,,,
,Processing satellite imagery,Download scenes from EarthExplorer,Download the Landsat 5 scene,,Download the Landsat 8 scene,Examine the bundle contents,Process Landsat 5 imagery,Composite the bands,Reproject the image,Color-correct the image,Process Landsat 8 imagery,Build a map using Mapbox GL JS,3,Upload to Mapbox Studio,Compare tilesets with Mapbox GL JS,Finished product,Next steps,,,,,,,,,,,,,,,,,,,,,,,,,,,,,,,,,,,,,,,,
,Isochrone API,,,,,,,,,,,,,,,,,,,,,,,,,,,,,,,,,,,,,,,,,,,,,,,,,,,,,,,,
,Runtime styling,Example use cases,Styling maps dynamically,,Map interactivity,Powerful data visualization,Powerful annotations,Custom shapes,Next steps,,,,,,,,,,,,,,,,,,,,,,,,,,,,,,,,,,,,,,,,,,,,,,,,
,View a fullscreen map,,,,,,,,,,,,,,,,,,,,,,,,,,,,,,,,,,,,,,,,,,,,,,,,,,,,,,,,
,Overview,Design a map,Add custom data,,Upload tilesets,Create datasets,Build applications,Web applications,Mobile applications,Unity applications,Extend your application,Mapbox Geocoding API,,Mapbox Directions API,Analyze with Turf.js,Use satellite imagery,Create static maps,Add attribution,,,,,,,,,,,,,,,,,,,,,,,,,,,,,,,,,,,,,,,
Get started with Mapbox Boundaries v1,,,,,,,,,,,,,Getting started,Add to an application,About Mapbox Boundaries,Tileset IDs,Feature IDs,Minimum zoom levels and bounding boxes,Example,Feature lookup tables,About feature lookup tables,Sample workflow,Data-joins,About data-joins,Point-in-polygon query,About Tilequery,Next steps,,,,,,,,,,,,,,,,,,,,,,,,,,,,,,
Dependencies,,,,,,,,,,,,,Configuring Docker,macOS,CentOS 7,Ubuntu 14.04,Ubuntu 16.04,Ubuntu 18.04,Red Hat Enterprise Linux 7,,,,,,,,,,,,,,,,,,,,,,,,,,,,,,,,,,,,,,
Tilesets API,,,,,,,,,,,,,,,,,,,,,,,,,,,,,,,,,,,,,,,,,,,,,,,,,,,,,,,,,
Snaking directions,,,,,,,,,,,,,,,,,,,,,,,,,,,,,,,,,,,,,,,,,,,,,,,,,,,,,,,,,
Get coordinates of the mouse pointer,,,,,,,,,,,,,,,,,,,,,,,,,,,,,,,,,,,,,,,,,,,,,,,,,,,,,,,,,
Map design for iOS,,,,,,,,,,,,,Color,Typography and graphics,Interactivity,Next steps,,,,,,,,,,,,,,,,,,,,,,,,,,,,,,,,,,,,,,,,,
Use Mapbox with OpenLayers,,,,,,,,,,,,,Getting started,OpenLayers 3.x,Mapbox Studio style or Mapbox style URL,Mapbox tileset ID,OpenLayers 2.x,,,,,,,,,,,,,,,,,,,,,,,,,,,,,,,,,,,,,,,,
Isochrone,Kotlin,,,,,,,,,,,,Criteria,Building the URL,API response,,,,,,,,,,,,,,,,,,,,,,,,,,,,,,,,,,,,,,,,,,
Style a heatmap layer,,,,,,,,,,,,,About this style,Related resources,,,,,,,,,,,,,,,,,,,,,,,,,,,,,,,,,,,,,,,,,,,
Display a popup on hover,,,,,,,,,,,,,,,,,,,,,,,,,,,,,,,,,,,,,,,,,,,,,,,,,,,,,,,,,
,,,,,,,,,,,,,,,,,,,,,,,,,,,,,,,,,,,,,,,,,,,,,,,,,,,,,,,,,
,,,,,,,,,,,,,,,,,,,,,,,,,,,,,,,,,,,,,,,,,,,,,,,,,,,,,,,,,
,,,,,,,,,,,,,,,,,,,,,,,,,,,,,,,,,,,,,,,,,,,,,,,,,,,,,,,,,
,,,,,,,,,,,,,,,,,,,,,,,,,,,,,,,,,,,,,,,,,,,,,,,,,,,,,,,,,
Simplify a polyline,,,,,,,,,,,,,,,,,,,,,,,,,,,,,,,,,,,,,,,,,,,,,,,,,,,,,,,,,
data-driven styling,,,,,,,,,,,,,,,,,,,,,,,,,,,,,,,,,,,,,,,,,,,,,,,,,,,,,,,,,
Symbol listener,,,,,,,,,,,,,,,,,,,,,,,,,,,,,,,,,,,,,,,,,,,,,,,,,,,,,,,,,
CSV file errors,,,,,,,,,,,,,Tilesets vs. datasets,File format,Example,,,,,,,,,,,,,,,,,,,,,,,,,,,,,,,,,,,,,,,,,,
tileset,,,,,,,,,,,,,Raster tilesets,Vector tilesets,,,,,,,,,,,,,,,,,,,,,,,,,,,,,,,,,,,,,,,,,,,
routing profile,,,,,,,,,,,,,,,,,,,,,,,,,,,,,,,,,,,,,,,,,,,,,,,,,,,,,,,,,
Localization,Kotlin,,,,,,,,,,,,Install the Localization Plugin,Add the dependency,Initialize the plugin,Use MapLocale,Match map with device language,Set map language,Adjust the map camera,,,,,,,,,,,,,,,,,,,,,,,,,,,,,,,,,,,,,,
Waypoint arrival screen,,,,,,,,,,,,,,,,,,,,,,,,,,,,,,,,,,,,,,,,,,,,,,,,,,,,,,,,,
Access elevation data,,,,,,,,,,,,,Mapbox Terrain-RGB,Request data,Decode data,Identify tiles to request,Mapbox Terrain vector tileset,Get elevation,,,,,,,,,,,,,,,,,,,,,,,,,,,,,,,,,,,,,,,
,,,,,,,,,,,,,,,,,,,,,,,,,,,,,,,,,,,,,,,,,,,,,,,,,,,,,,,,,
Configure the extension,,,,,,,,,,,,,Set data source bindings,Set map appearance options,Choose a map style,Specify a visualization type,Set the marker styling options,,,,,,,,,,,,,,,,,,,,,,,,,,,,,,,,,,,,,,,,
Inset map,,,,,,,,,,,,,,,,,,,,,,,,,,,,,,,,,,,,,,,,,,,,,,,,,,,,,,,,,
Add a polygon annotation,Objective-C,,,,,,,,,,,,,,,,,,,,,,,,,,,,,,,,,,,,,,,,,,,,,,,,,,,,,,,,
raster data,,,,,,,,,,,,,,,,,,,,,,,,,,,,,,,,,,,,,,,,,,,,,,,,,,,,,,,,,
Route generation,,,,,,,,,,,,,Request a route in a specific direction,Consider the direction a device is facing,Consider the direction a user is already traveling,Specify a side of the road to approach,Include multiple stops,Silent waypoints,Optimized routes,More about route generation,,,,,,,,,,,,,,,,,,,,,,,,,,,,,,,,,,,,,
Style a single country,,,,,,,,,,,,,Getting started,Create a new style,Use the style editor,Add a tileset source,Style data,Publish,Final product,Next steps,,,,,,,,,,,,,,,,,,,,,,,,,,,,,,,,,,,,,
How to regain access to your account,,,,,,,,,,,,,Account lockout scenarios,I don’t know the username or password for our Mapbox account,My colleague left the company with their email address still registered on our account,I’m not receiving the password reset email,I lost my two-factor authentication (2FA) backup codes,,,,,,,,,,,,,,,,,,,,,,,,,,,,,,,,,,,,,,,,
Keep access tokens private in open source iOS and Android apps,,,,,,,,,,,,,iOS,Android,Git-based option,Non-Git option,,,,,,,,,,,,,,,,,,,,,,,,,,,,,,,,,,,,,,,,,
Tutorials,,,,,,,,,,,,,Troubleshooting,Interactive tools,,,,,,,,,,,,,,,,,,,,,,,,,,,,,,,,,,,,,,,,,,,
Install Atlas,,Downloading specific tilesets,Downloading only Docker images,Setup Atlas,#NAME?,Examples,Change configuration (post-setup),List available Atlas versions,Reference,Installer command reference,Installer prompts reference,,Check prerequisites,Total disk space recommendations,Check dependencies,Download the installer,Create a Mapbox access token,Recommended installation method,Install Atlas on the same machine,Install Atlas on a different machine,Manual installation method,"Download Docker images, tilesets, and data",Usage,Arguments,Options,Downloading development data,Downloading a specific version of Atlas,,,,,,,,,,,,,,,,,,,,,,,,,,,,,,
Add a Mapbox Studio style as a basemap in ArcGIS Online,,,,,,,,,,,,,Getting Started,Create a new project in ArcGIS,Find your ArcGIS integration URL,Add your Mapbox style as a tile layer,Finished product,Next steps,,,,,,,,,,,,,,,,,,,,,,,,,,,,,,,,,,,,,,,
Speeding alerts,,,,,,,,,,,,,,,,,,,,,,,,,,,,,,,,,,,,,,,,,,,,,,,,,,,,,,,,,
font stack,,,,,,,,,,,,,,,,,,,,,,,,,,,,,,,,,,,,,,,,,,,,,,,,,,,,,,,,,
MBTiles,,,,,,,,,,,,,,,,,,,,,,,,,,,,,,,,,,,,,,,,,,,,,,,,,,,,,,,,,
Troubleshoot raster image with black background,,,,,,,,,,,,,Why black backgrounds appear,Change the way you retrieve the image,Edit the original image,,,,,,,,,,,,,,,,,,,,,,,,,,,,,,,,,,,,,,,,,,
First steps with the Mapbox Maps SDK for iOS,Objective-C,,,,,,,,,,,,Getting started,Change the map style,Add a marker to the map,Add a callout,Zoom to a marker,Display the user’s location,Simulating a location,Finished product,Next steps,,,,,,,,,,,,,,,,,,,,,,,,,,,,,,,,,,,,
Mapbox GL JS usage playground,,,,,,,,,,,,,,,,,,,,,,,,,,,,,,,,,,,,,,,,,,,,,,,,,,,,,,,,,
Attribution,,,,,,,,,,,,,,,,,,,,,,,,,,,,,,,,,,,,,,,,,,,,,,,,,,,,,,,,,
Mapbox offline tile count estimator,,,,,,,,,,,,,,,,,,,,,,,,,,,,,,,,,,,,,,,,,,,,,,,,,,,,,,,,,
Change map text to device language,,,,,,,,,,,,,,,,,,,,,,,,,,,,,,,,,,,,,,,,,,,,,,,,,,,,,,,,,
source,,,,,,,,,,,,,,,,,,,,,,,,,,,,,,,,,,,,,,,,,,,,,,,,,,,,,,,,,
Display driving directions,,,,,,,,,,,,,,,,,,,,,,,,,,,,,,,,,,,,,,,,,,,,,,,,,,,,,,,,,
Leaflet,,,,,,,,,,,,,,,,,,,,,,,,,,,,,,,,,,,,,,,,,,,,,,,,,,,,,,,,,
NavigationView with Fragment,,,,,,,,,,,,,,,,,,,,,,,,,,,,,,,,,,,,,,,,,,,,,,,,,,,,,,,,,
Upload data to Mapbox,,Generate tilestats for MBTiles,,,,,,,,,,,Datasets vs. tilesets,Uploads,Datasets,Tilesets,Accepted file types and transfer limits,TIFF uploads,Errors,Tileset upload errors,Dataset upload errors,Troubleshooting,Reproject to Web Mercator,Multipart to singlepart,Simplification,Limit large features,Slice large contour datasets,,,,,,,,,,,,,,,,,,,,,,,,,,,,,,
Integrate the Mapbox Visual with Microsoft Power BI,,,,,,,,,,,,,Supported Power BI environments and tools,Link your Mapbox access token in Power BI,Use a custom Mapbox style in Power BI,Format your location data to use in Power BI choropleth visualizations,Style dimensional values with the Data Colors feature,Resolve blank map issues in Power BI,,,,,,,,,,,,,,,,,,,,,,,,,,,,,,,,,,,,,,,
Display and style rich text labels,,,,,,,,,,,,,,,,,,,,,,,,,,,,,,,,,,,,,,,,,,,,,,,,,,,,,,,,,
Create a hover effect,,,,,,,,,,,,,,,,,,,,,,,,,,,,,,,,,,,,,,,,,,,,,,,,,,,,,,,,,
Marker playground,,,,,,,,,,,,,,,,,,,,,,,,,,,,,,,,,,,,,,,,,,,,,,,,,,,,,,,,,
Create a heatmap layer,Objective-C,,,,,,,,,,,,,,,,,,,,,,,,,,,,,,,,,,,,,,,,,,,,,,,,,,,,,,,,
Create and style clusters,,,,,,,,,,,,,,,,,,,,,,,,,,,,,,,,,,,,,,,,,,,,,,,,,,,,,,,,,
Show time lapse,,,,,,,,,,,,,,,,,,,,,,,,,,,,,,,,,,,,,,,,,,,,,,,,,,,,,,,,,
Use GeoJSON data to set extrusion height,,,,,,,,,,,,,,,,,,,,,,,,,,,,,,,,,,,,,,,,,,,,,,,,,,,,,,,,,
style URL,,,,,,,,,,,,,,,,,,,,,,,,,,,,,,,,,,,,,,,,,,,,,,,,,,,,,,,,,
offline regions and offline packs,,,,,,,,,,,,,,,,,,,,,,,,,,,,,,,,,,,,,,,,,,,,,,,,,,,,,,,,,
Maki,,,,,,,,,,,,,,,,,,,,,,,,,,,,,,,,,,,,,,,,,,,,,,,,,,,,,,,,,
Define a circle in physical units,,,,,,,,,,,,,,,,,,,,,,,,,,,,,,,,,,,,,,,,,,,,,,,,,,,,,,,,,
Add a GeoJSON line,,,,,,,,,,,,,,,,,,,,,,,,,,,,,,,,,,,,,,,,,,,,,,,,,,,,,,,,,
Outlined polygon hole,,,,,,,,,,,,,,,,,,,,,,,,,,,,,,,,,,,,,,,,,,,,,,,,,,,,,,,,,
Build a navigation app for Android,,,,,,,,,,,,,Getting started,Install the Navigation SDK,Initialize a map,Display user location,Add a marker on click,Calculate and draw route,Add a button to start navigation,Customize the style,Style the navigation view,Style the route overview,Final product,Next steps,,,,,,,,,,,,,,,,,,,,,,,,,,,,,,,,,
Point conversion,Objective-C,,,,,,,,,,,,,,,,,,,,,,,,,,,,,,,,,,,,,,,,,,,,,,,,,,,,,,,,
Navigate the map with game-like controls,,,,,,,,,,,,,,,,,,,,,,,,,,,,,,,,,,,,,,,,,,,,,,,,,,,,,,,,,
Unity applications,,,,,,,,,,,,,How the Mapbox Maps SDK for Unity works,Dynamic data,Mesh generation,AR support,Using the Mapbox Maps SDK for Unity,Installing the Mapbox Maps SDK for Unity,Creating game objects,Terrain,Features from vector tiles,Accessing Mapbox web services,Publishing,Pricing,,,,,,,,,,,,,,,,,,,,,,,,,,,,,,,,,
Troubleshoot Tilesets API errors,,,,,,,,,,,,,There are gaps of missing data in my tiles,My minzoom is different than expected,"There are ""notches"" in my LineStrings at high zooms",The features in my vector tiles have different IDs than the features in my source data,A feature I expected to be in my new tileset isn't there,I'm not able to use GeometryCollection features in my tileset source,"There are no features in my tileset when I click ""zoom to data"" in Mapbox Studio",Tilesets CLI error messages,No features in source data.,No GeoJSON features processed. Make sure your GeoJSON is line-delimited.,No GeoJSON features to process.,,,,,,,,,,,,,,,,,,,,,,,,,,,,,,,,,,
Scale bar,,,,,,,,,,,,,,,,,,,,,,,,,,,,,,,,,,,,,,,,,,,,,,,,,,,,,,,,,
Transfer styles between accounts,,,,,,,,,,,,,Approach 1: Download and re-upload a style,Styles made with Mapbox Studio,Projects made with Mapbox Studio Classic,Approach 2: Reference a public style,,,,,,,,,,,,,,,,,,,,,,,,,,,,,,,,,,,,,,,,,
style,,,,,,,,,,,,,,,,,,,,,,,,,,,,,,,,,,,,,,,,,,,,,,,,,,,,,,,,,
Get started with the Isochrone API,,,,,,,,,,,,,Getting started,Using the Isochrone API,Create a map,Add the sidebar,Add the Isochrone API,Draw the isochrone contour,Make the app interactive,Add a marker,Final product,Next steps,,,,,,,,,,,,,,,,,,,,,,,,,,,,,,,,,,,
Add a WMS source,,,,,,,,,,,,,,,,,,,,,,,,,,,,,,,,,,,,,,,,,,,,,,,,,,,,,,,,,
Optimize map label placement,,,,,,,,,,,,,Label collision,Label density,text-variable-anchor,text-radial-offset,text-justify,Platform-specific examples,Label hierarchy,Order of layers,Order of features inside layers,,,,,,,,,,,,,,,,,,,,,,,,,,,,,,,,,,,,
,,,,,,,,,,,,,,,,,,,,,,,,,,,,,,,,,,,,,,,,,,,,,,,,,,,,,,,,,
,,,,,,,,,,,,,,,,,,,,,,,,,,,,,,,,,,,,,,,,,,,,,,,,,,,,,,,,,
,,,,,,,,,,,,,,,,,,,,,,,,,,,,,,,,,,,,,,,,,,,,,,,,,,,,,,,,,
,,,,,,,,,,,,,,,,,,,,,,,,,,,,,,,,,,,,,,,,,,,,,,,,,,,,,,,,,
Expressions,,,,,,,,,,,,,Popular expressions,Learning resources,,,,,,,,,,,,,,,,,,,,,,,,,,,,,,,,,,,,,,,,,,,
Create a map in Unity,,,,,,,,,,,,,Getting started,Set up your project,Customize your map,"Create a map of Mt. Hood, Oregon",Create a map of downtown Manhattan,Next steps,,,,,,,,,,,,,,,,,,,,,,,,,,,,,,,,,,,,,,,
Get started with expressions using the Mapbox Maps SDK for iOS,Objective-C,,,,,,,,,,,,Getting started,What are expressions?,Uses,Set up a map,Initialize a map view,Upload data,Add the source data to the map,Use an expression to calculate the age of each landmark,Adjust the circle radius,Add a zoom expression,Finished product,,,,,,,,,,,,,,,,,,,,,,,,,,,,,,,,,,
Run Atlas,,,,,,,,,,,,,Start the server,Stop the server,Fix Redis THP and TCP warnings,Run Atlas behind a reverse proxy,,,,,,,,,,,,,,,,,,,,,,,,,,,,,,,,,,,,,,,,,
Route progress,Kotlin,,,,,,,,,,,,Listening to progress change,Information about progress,RouteProgress,RouteLegProgress,RouteStepProgress,Navigation UI SDK,RouteListener,More about route progress,,,,,,,,,,,,,,,,,,,,,,,,,,,,,,,,,,,,,
Change a map's style,,,,,,,,,,,,,,,,,,,,,,,,,,,,,,,,,,,,,,,,,,,,,,,,,,,,,,,,,
Navigation SDK for Android,Kotlin,,,,,,,,,,,,Available SDKs,Product capabilities,Installation,Navigation SDK,Add the dependency,Get an access token,Set up permissions,Request a route,Navigation UI SDK,Launch the Navigation UI,Prevent memory leaks,Testing and development,Replay a DirectionsRoute,Turn on debug logging,,,,,,,,,,,,,,,,,,,,,,,,,,,,,,,
Mapbox Matrix API elements,,,,,,,,,,,,,,,,,,,,,,,,,,,,,,,,,,,,,,,,,,,,,,,,,,,,,,,,,
Building outline,,,,,,,,,,,,,,,,,,,,,,,,,,,,,,,,,,,,,,,,,,,,,,,,,,,,,,,,,
Navigation views,,,,,,,,,,,,,,,,,,,,,,,,,,,,,,,,,,,,,,,,,,,,,,,,,,,,,,,,,
,,,,,,,,,,,,,,,,,,,,,,,,,,,,,,,,,,,,,,,,,,,,,,,,,,,,,,,,,
Navigation service,,Example waypoint object,Route object,Example route object,Route leg object,,Example route leg object,Route step object,Example route step object,Step maneuver object,Example step maneuver object,Lane object,Example lane object,Voice instruction object,Example voice instruction object,Banner instruction object,Example banner instruction object,Instructions languages,Directions API errors,Directions API restrictions and limits,Isochrone,Retrieve isochrones around a location,Example request: Retrieve isochrones around a location,Response: Retrieve isochrones around a location,Example response: Retrieve isochrones around a location,Isochrone API errors,Isochrone API restrictions and limits,Map Matching,Retrieve a match,Example request: Retrieve a match,Use HTTP POST to retrieve a match,Response: Retrieve a match,Example response: Retrieve a match,Match object,Example match object,Tracepoint object,Example tracepoint object,Map Matching API errors,Map Matching API restrictions and limits,Matrix,Retrieve a matrix,Example request: Retrieve a matrix,Response: Retrieve a matrix,Example response: Retrieve a matrix,Matrix API errors,Matrix API restrictions and limits,Optimization,Retrieve an optimization,Example request: Retrieve an optimization,Response: Retrieve an optimization,Waypoint objects,Trip object,Example response object,Optimization API errors,Optimization API restrictions and limits,Using HTTP POST,Example HTTP POST requests
Introduction,,Pagination,High DPI images,SDK and library support,,,,,,,,,,,,,,,,,,,,,,,,,,,,,,,,,,,,,,,,,,,,,,,,,,,,Reading this documentation,Access tokens and token scopes
